close,high,low,open,volume,EMA,RSI,VolumeAvg,HighVolume,BuySignal,SellSignal,BullishEngulfing,BearishEngulfing,ScoreIA,TrailStop,SL,TP
83.25799560546875,83.91097154593938,80.73105294291301,80.8936931849323,138808800,71.84926391066166,65.96089508200103,125341840.0,False,False,False,False,False,20,,,
85.46452331542969,85.73640033379766,83.6779473563593,85.31402459590804,165428800,72.08605103074458,70.03115449435879,126854360.0,False,False,False,False,False,20,,,
85.3455810546875,86.27042663858354,85.22421016537945,86.20974119392952,114406400,72.31665155290011,69.54838204785598,127488200.0,False,False,False,False,False,20,,,
85.37956237792969,85.79707850372552,84.77027818647716,85.3018832364117,96820400,72.54383261072671,69.61283312519092,126753980.0,False,False,False,False,False,20,,,
84.89164733886719,86.5520000635857,83.78231573429939,86.08594003974744,264476000,72.75857721469437,67.4067995508152,134843340.0,True,False,False,False,True,40,,,
87.11276245117188,87.25597924702839,85.2387951604758,85.2849167024508,135445200,73.00821521880702,71.78952925855272,137525440.0,False,False,False,False,False,20,,,
88.9721450805664,90.3921859871706,87.93806271848383,88.35800866828109,212155600,73.28584878162023,74.83964819851006,141857120.0,False,False,False,False,False,20,,,
87.40160369873047,89.520742080351,87.02777928766403,88.60074867063001,192623200,73.53134017148302,68.13828806314642,145841020.0,False,False,False,False,False,20,,,
88.56192016601562,88.6007597441656,86.79718989219901,87.5569729349939,137522400,73.79274156269229,70.25725428531508,146039100.0,False,False,False,False,False,20,,,
85.84078979492188,88.67844222378581,85.69271343468253,88.45754628171883,205256800,74.00227283629627,60.15368664528077,148625320.0,False,False,False,False,False,20,,,
87.81912994384766,87.91380280361521,85.27034099055639,85.74854264287053,130646000,74.24256600338413,64.18615383499755,151118060.0,False,False,False,False,False,20,,,
88.55220031738281,88.83864125404429,87.38704271105858,87.40645879441105,140223200,74.49142920884498,65.57632819978403,153747080.0,False,False,False,False,False,20,,,
88.38469696044922,89.17360766512026,88.33615305412683,88.6298685038104,110737200,74.73305125669896,64.95588879592187,154059380.0,False,False,False,False,False,20,,,
88.38469696044922,89.92853837615466,88.27061544704088,89.29255616257464,114041600,74.97047118198157,64.95588879592187,155383440.0,False,False,False,False,False,20,,,
90.7490234375,91.21751333373977,89.78290840638297,89.81446602565468,118655600,75.24488078642537,69.65572140826114,154453700.0,False,False,False,False,False,20,,,
90.46744537353516,91.90690252276751,90.35578621562384,91.12770339021912,112424400,75.50962104011424,68.47786164244044,155292200.0,False,False,False,False,False,20,,,
92.57441711425781,92.60597472603237,91.3582786143033,91.44566949367056,117092000,75.80640010227326,72.25808763306054,153761180.0,False,False,False,False,False,20,,,
92.9725570678711,93.52114860400306,91.92391051231417,93.46774510141748,125642800,76.10494196254453,72.9189771907507,151710740.0,False,False,False,False,False,20,,,
93.13516998291016,93.19343305098592,91.95544841683225,92.56715507244024,90257200,76.40111984115958,73.19980134820976,146140480.0,False,False,False,False,False,20,,,
92.70552825927734,97.0530350925637,92.49191427496272,94.44113076999513,191649200,76.68467477017033,71.10189228530265,145715640.0,False,False,False,False,False,40,,,
94.2396469116211,94.43140759023446,91.15197107556455,92.08652103195597,170989200,76.98997863349992,73.97055118938164,147324660.0,False,False,False,False,False,40,,,
94.88777160644531,96.3660683335281,93.68862647798679,96.11604456670572,153198000,77.3012445982468,75.09534852039954,146713120.0,False,False,False,False,False,40,,,
93.72017669677734,94.57705491810681,93.1206041798998,93.75901627207651,110577600,77.58679124343863,69.28667048926629,146521680.0,False,False,False,False,False,40,,,
93.53084564208984,94.32703847766767,93.05749615234998,94.17168757232892,92186800,77.86407914602387,68.36324621033162,146290000.0,False,False,False,False,False,40,,,
95.50189971923828,95.64026431606665,93.2735318869254,93.61822848479565,90318000,78.17082385164498,72.47593247061998,137582100.0,False,False,False,False,False,40,,,
94.18380737304688,96.36848331726704,93.9337836446351,96.2932339607085,103433200,78.4493105215824,66.27162558706378,135981500.0,False,False,False,False,False,40,,,
94.44840240478516,95.13050624366167,93.79785618394567,93.88523967276372,89001600,78.72755559781201,66.88447203513972,129823800.0,False,False,False,False,False,40,,,
90.14944458007812,94.25906118948085,89.33868791358677,94.18138204100602,197004400,78.92619714532968,50.749894752044675,130042860.0,True,False,False,False,False,60,,,
89.92611694335938,90.27081352736032,86.55685988171646,88.34587300700521,185438800,79.1175000983389,50.07410829869292,132438680.0,False,False,False,False,False,40,,,
92.0573959350586,92.14963900239098,90.76601521608015,90.98933351898751,121214000,79.34254176506445,56.08415804260544,128236540.0,False,False,False,False,False,40,,,
90.54512023925781,91.80495076068121,90.54026066225798,91.62774658169793,103625600,79.53736921678956,51.35971922705781,126885520.0,False,False,False,False,False,40,,,
92.28072357177734,92.4652097102924,90.99176520648089,91.02817499490048,90329200,79.75899277078935,55.946372260495394,124390820.0,False,False,False,False,False,40,,,
93.39733123779297,93.50170842708098,91.04516275680574,91.45296717627383,158130000,79.99618126586768,58.64803293682118,126760460.0,False,False,False,False,False,40,,,
103.17496490478516,103.32546361824967,97.89775374108596,99.89795098088912,374336800,80.3992905465445,73.79998314719936,139775220.0,True,False,False,False,False,60,,,
105.77473449707031,108.39634285363456,104.76007559751676,105.05864325676774,308151200,80.84060261524931,76.28786007114412,149250000.0,True,False,False,False,False,60,,,
106.48111724853516,107.57345533183008,105.24070281740102,105.96407603717955,173071600,81.28652460887167,76.92890064753121,152282360.0,False,False,False,False,False,40,,,
106.86707305908203,107.18749399981073,105.73589542861245,106.20196292493524,121776800,81.7314037123536,77.29015339009663,152516600.0,False,False,False,False,False,40,,,
110.59558868408203,111.0907840336135,106.60977244976479,107.19963324982751,202428800,82.23338953794888,80.47139813366518,156355900.0,False,False,False,False,False,40,,,
108.08111572265625,110.57370522818017,107.28348737773852,110.11652664854778,198045600,82.6829152107264,73.04048451938647,161745320.0,False,False,False,False,False,40,,,
109.65204620361328,110.67096868829299,106.99895752533313,109.52802230986417,212403600,83.15194357582008,74.61747874822407,162783040.0,False,False,False,False,False,40,,,
106.3910140991211,109.41373301574056,106.13081029496767,108.91521808960395,187902400,83.55610132405141,65.98833009146932,163628700.0,False,False,False,False,False,40,,,
109.92682647705078,110.18459606710258,107.28832830062758,107.48286886703565,165598000,84.0147226310601,70.03469383292067,164248700.0,False,False,False,False,False,40,,,
111.87226104736328,112.87659322672799,110.81929001611167,111.30808301896154,210082000,84.49920156003928,72.00795128133188,169223920.0,False,False,False,False,False,40,,,
111.7725830078125,111.86255822594228,109.9608929550016,111.69719796444708,165565200,84.97352123739186,71.747253189433,172892840.0,False,False,False,False,False,40,,,
111.48075866699219,112.92038434329335,110.85335892216301,112.89606491291276,119561600,85.43451667095013,70.93752337865301,174355020.0,False,False,False,False,True,40,,,
112.40970611572266,112.83527017348905,110.89712956784018,111.2327184122214,105633600,85.90365040042444,72.02004403603766,174465040.0,False,False,False,False,False,40,,,
112.55074310302734,113.96604930230188,112.45590697529136,112.81824198590108,145538000,86.36707809960014,72.18941550249262,177291860.0,False,False,False,False,False,40,,,
115.04818725585938,115.16248188226466,112.57504924247161,112.59207358329192,126907200,86.86587999796986,75.0675175563484,173787000.0,False,False,False,False,False,40,,,
120.9769058227539,121.46083051491364,115.99658841174927,116.008744414782,338054800,87.45911522970523,80.283875243449,181417800.0,True,False,False,False,False,60,,,
122.423828125,125.27146481367004,120.5562117393656,125.18634310109493,345937600,88.06719719310166,81.31152419424164,192653980.0,True,False,False,False,False,60,,,
121.41950225830078,121.76482035926398,119.69536076539771,121.29548577928259,211495600,88.64723728119208,78.2622959697312,198047480.0,False,False,False,False,False,40,,,
123.07069396972656,123.52787254916589,121.66997788314622,122.73753929165063,163022400,89.2459060931666,79.61574003892473,201682140.0,False,False,False,False,False,40,,,
121.59947204589844,124.00694746886145,120.45409132553128,123.67379276102072,155552400,89.80857680538801,75.12735493743162,201553260.0,False,False,False,False,True,40,,,
121.40248107910156,122.99286935955308,121.17875271683349,122.57460040324597,187630000,90.35803601014825,74.52155961147328,192217920.0,False,False,False,False,False,40,,,
125.51949310302734,127.426026441553,122.56243764607389,124.0993334865447,225702700,90.96953961176354,78.43529796662315,188095495.0,False,False,False,False,False,40,,,
130.5192413330078,131.12233634201255,126.9688280058111,129.13798411269457,151948100,91.65736051126343,82.04281152962723,187039320.0,False,False,False,False,False,40,,,
127.81510162353516,134.21558595979664,123.53514962091081,133.83622664521172,200119000,92.28619079147686,74.75846557618743,190956430.0,False,False,False,False,True,40,,,
117.5821304321289,125.32496358779086,117.21250032267771,123.44762527133629,257599600,92.72612017653168,54.89550023763028,193714970.0,False,False,False,False,False,40,,,
117.65995788574219,120.32520288986133,107.86468879703277,116.79423953672631,332607200,93.15975213669186,54.99344365283994,200443050.0,True,False,False,False,False,60,,,
109.74201965332031,115.74368657539894,109.60583975780702,110.84118807317701,231366600,93.44813939785062,44.424297306310606,201391200.0,False,False,False,False,False,20,,,
114.1192398071289,115.88958571714265,112.1154437280054,114.06087912016324,176940500,93.80763679627286,50.13035591827681,200843105.0,False,False,False,False,False,40,,,
110.39374542236328,117.21249954875044,109.43075684011971,117.07631964504925,182274400,94.0960908593353,45.81851725055069,201676925.0,False,False,False,False,True,20,,,
108.94438934326172,112.08627097984936,106.9989538192749,111.44427369473487,180860300,94.35432213731663,44.22482767884951,200215840.0,False,False,False,False,False,20,,,
112.21272277832031,112.76717161154352,109.72256765665087,111.59018399790295,140150100,94.66490301802973,48.56915282414347,198945085.0,False,False,False,False,False,20,,,
112.3878402709961,115.58808342882722,110.51049420640973,115.10172442164162,184642000,94.9731280137335,48.79926808826191,202199105.0,False,False,False,False,False,20,,,
109.07083129882812,112.83525140975061,108.98329026941566,112.08626205798284,154679000,95.21830546216992,44.717907022783834,204651375.0,False,False,False,False,False,20,,,
107.32966613769531,109.13892163117578,105.74413897781598,106.72658592069983,178011000,95.42893782174427,42.6991282776969,206275025.0,False,False,False,False,False,20,,,
103.92516326904297,107.85494396114845,103.19562493954624,107.38804358616923,287104900,95.57669826430599,38.99243982912544,214284910.0,False,False,False,False,True,20,,,
107.0767593383789,107.1837588722249,100.28718696193107,101.68790273500836,195713800,95.77669932646378,43.85164917318271,207167860.0,False,False,False,False,False,20,,,
108.75956726074219,109.78092384803477,106.18187120745131,109.60583435939168,183055400,96.00248833401645,46.310650570021956,199023750.0,False,False,False,False,False,20,,,
104.19752502441406,109.05138437794632,103.85706788480732,108.57475477224305,150718700,96.14501071124076,41.06067489467655,195984905.0,False,False,False,False,False,20,,,
105.26751708984375,107.24213295365429,102.13536471776598,102.30072495573343,167743300,96.30366299608603,42.70136523920751,196220950.0,False,False,False,False,False,20,,,
109.21675109863281,109.37238950555708,104.7325215412831,105.471789131678,149981400,96.52823844134771,48.409665413336214,195942400.0,False,False,False,False,False,20,,,
111.82362365722656,112.17380261589848,109.70309881693417,111.87226250974926,137672400,96.7942451407543,51.82164270455355,193444520.0,False,False,False,False,False,40,,,
110.97736358642578,112.16408041867875,110.47155362609944,111.42482027829774,99382200,97.04090807024424,50.65055155360994,187128495.0,False,False,False,False,False,40,,,
112.65045166015625,114.06089699323232,110.52020461838681,110.68556487153249,142675200,97.31237839354706,52.91599167828678,186664850.0,False,False,False,True,False,60,,,
113.60368347167969,114.50831108936566,112.6698755149145,114.43049190432373,116120400,97.59570543838416,54.20585775555429,182464920.0,False,False,False,False,False,40,,,
109.93656158447266,112.22245433262894,109.15839180363562,109.81011094316419,144712000,97.81032902353353,48.68075910799747,176820540.0,False,False,False,False,False,20,,,
113.32160949707031,113.46751863303267,110.4520953152141,110.80227427302496,106243800,98.0800904230733,53.40228716110249,165502370.0,False,False,False,False,False,40,,,
110.07273864746094,112.95198215292027,109.18756197702983,112.54343507820363,161498200,98.28865821828005,48.765010727911594,162008950.0,False,False,False,False,False,20,,,
111.94036102294922,112.39753955518432,111.01627470298001,111.49291174621311,96849000,98.52607913662212,51.378797339605384,158004375.0,False,False,False,False,False,40,,,
111.83336639404297,113.22435314166701,111.46372888130158,113.07844398775582,83477200,98.75751021935987,51.217591702289155,153064515.0,False,False,False,False,False,40,,,
113.77880859375,113.80798894197643,111.7847340241306,112.13491304534423,100506900,99.0187501910884,54.041209558726386,149046845.0,False,False,False,False,False,40,,,
121.00608825683594,121.76480690611335,116.02577075981998,116.78448940909738,240226800,99.40113867918836,62.68278812361683,154050680.0,True,False,False,False,False,60,,,
117.79610443115234,121.96906398707827,116.38566682510655,121.85233519891545,262330500,99.72105112704861,57.51048258619611,157935105.0,True,False,False,False,False,60,,,
117.88365936279297,119.67345635227282,116.3564928845694,117.6988406266793,150712000,100.03692257462677,57.61322002716921,157736755.0,False,False,False,False,False,40,,,
117.41675567626953,117.8933852834975,114.92660067544894,115.48104948176437,112559200,100.33918054161187,56.82415767054292,154464165.0,False,False,False,False,False,40,,,
115.77286529541016,118.23384747833158,115.56859545500912,117.97120952549623,115393800,100.60759245037357,54.01894673621946,145878610.0,False,False,False,False,False,40,,,
112.81581115722656,117.1346730450766,112.50454176511802,116.68722375774855,120639300,100.81990929744927,49.3039109673335,142124885.0,False,False,False,False,False,20,,,
114.3040771484375,115.73397358180452,112.4753628325675,113.02981171272529,124423700,101.05441656442298,51.59395808238768,139193300.0,False,False,False,False,False,40,,,
113.68153381347656,115.47133103249566,113.27298669065874,113.4869857975519,89946000,101.27401860353696,50.56500928111788,136154665.0,False,False,False,False,False,40,,,
112.59207153320312,114.81959591240101,111.46371546147097,114.24568862177946,101988000,101.4708543066616,48.73333459990253,132866900.0,False,False,False,False,True,20,,,
111.90144348144531,113.37024926516857,111.16217596217939,113.21461087321912,82572600,101.6522558575274,47.55726817977353,129496460.0,False,False,False,False,False,20,,,
111.91119384765625,113.37027065181736,109.80039043082107,110.89956637288807,111850700,101.8306721703992,47.576503220193906,128205375.0,False,False,False,False,False,20,,,
113.41889953613281,114.08034796929371,111.41510314504899,112.33918213169002,92276800,102.03220655936848,50.59413754335533,127850105.0,False,False,False,False,False,40,,,
108.16621398925781,112.28081345722651,108.06894369566764,111.9111833730848,143937800,102.13888494945351,41.60810352312676,127913235.0,False,False,False,False,False,20,,,
112.173828125,113.73990454040626,109.13894560010584,109.30431328354058,146129200,102.31340570033258,49.04428443198801,129413675.0,False,False,False,False,False,20,,,
105.89006042480469,108.93466447069503,104.78116272521534,108.03003661879342,190272600,102.37560839119297,40.36438635161687,131691705.0,False,False,False,False,False,20,,,
105.8025131225586,107.6604077052679,104.39207526396882,106.1332410376146,122866900,102.43520673434715,40.257485737353974,132522860.0,False,False,False,False,False,20,,,
107.42695617675781,108.44830541372347,105.7636096297727,106.66823748036964,107624400,102.5220197681282,43.260213442015974,129829170.0,False,False,False,False,False,20,,,
111.81391143798828,112.43645025464208,109.2848465676762,111.02601237155882,138235500,102.68361788412577,50.49644186997055,131898495.0,False,False,False,False,False,40,,,
115.78260040283203,116.35650777308182,113.68153378019652,114.73206338089028,126387100,102.91142627575545,55.967445388553706,134043990.0,False,False,False,False,False,40,,,
115.65104675292969,116.14798328794187,113.15658830155392,115.2905176092489,114457900,103.13298489274977,55.74750926377469,134741540.0,False,False,False,False,False,40,,,
113.34173583984375,118.86655905479424,113.0786522061061,117.41471118065078,154515300,103.31052838748184,51.89246329872083,130455965.0,False,False,False,False,True,40,,,
113.00071716308594,114.57923409087746,111.20782446930689,112.59147258432904,138023400,103.47905340966626,51.32799593049248,124240610.0,False,False,False,False,False,40,,,
116.43055725097656,116.56697207433398,113.4586543889182,114.18945127149735,112295000,103.70429695473253,56.45805926190254,122319760.0,False,False,False,False,False,40,,,
116.15776062011719,117.44396320167556,115.53414769778904,116.55726659782403,103162300,103.92087893152183,55.95291430316075,121849915.0,False,False,False,False,False,40,,,
116.20645904541016,116.60595750533835,114.85204931664111,116.38185060768497,81581900,104.13454119437206,56.02854907017198,120159320.0,False,False,False,False,False,40,,,
117.21983337402344,117.89216151069154,115.12488063733073,115.87516223258528,91183000,104.3621114931486,57.65790620783054,118686505.0,False,False,False,True,False,60,,,
116.3331298828125,117.58035548799745,115.91413933412841,116.48903680048612,74271000,104.57030311731667,55.712582044573956,116178870.0,False,False,False,False,False,40,,,
115.00794982910156,116.75211942679815,114.97871914080206,115.57310124972858,76322100,104.75182740795641,52.84310598518934,115497675.0,False,False,False,False,False,40,,,
115.60234832763672,116.01159288995271,113.81920174805022,114.57922948779476,74113000,104.94053211960302,53.98785247196828,114103925.0,False,False,False,True,False,60,,,
114.33562469482422,115.72901129196754,114.28690935456355,115.60234248642783,73604300,105.1039250339547,51.138780957108054,113655510.0,False,False,False,False,False,40,,,
110.93497467041016,114.60845147390663,110.83753656463605,114.17971488763942,127959300,105.20533459284957,44.3693100923955,114460940.0,False,False,False,False,False,20,,,
112.22119140625,112.8837810182729,109.7072478105703,110.9934577345429,113874200,105.32734949395218,47.215399205868245,115540810.0,False,False,False,False,False,20,,,
113.05915069580078,113.76071690599676,112.22116965962786,112.5914448450371,76499200,105.46181560181041,49.04442244563192,112168880.0,False,False,False,False,False,20,,,
113.60481262207031,114.48177040505827,113.24429090254516,113.58532797535975,46691300,105.60343294129319,50.25324391281555,107196985.0,False,False,False,False,False,40,,,
116.00184631347656,117.87268484188316,113.8191939296174,113.97510085734369,169410200,105.78427491298334,55.27292475916569,106153865.0,True,False,False,False,False,60,,,
119.57786560058594,120.30866252291607,116.93725361331916,117.91164950975933,127728200,106.02416344668077,61.51233202076342,106396930.0,False,False,False,False,False,40,,,
119.92865753173828,120.21123325455888,117.79472798281287,118.89579275045067,89004200,106.26598073511656,62.071285144814794,105465920.0,False,False,False,False,False,40,,,
119.79224395751953,120.61073301099076,119.08093162233982,120.3573879750848,78967600,106.50122009550617,61.69604972639375,102502525.0,False,False,False,False,False,40,,,
119.11990356445312,119.7142856820755,118.40859125787107,119.46094065635505,78260400,106.72067546018351,59.77795333632378,100096190.0,False,False,False,False,False,40,,,
120.58150482177734,121.38050924323434,119.11991082393762,119.17837220495473,86712000,106.96173336212428,62.506863451972116,98708895.0,False,False,False,False,False,40,,,
121.19538879394531,121.78003242314685,119.93841688564608,121.18565018509716,82225500,107.20927519572116,63.623191232773046,95094405.0,False,False,False,False,False,40,,,
118.66194152832031,122.7251709901087,117.9019138516176,121.34153047949344,115089200,107.4084520015055,56.187975092010966,93947695.0,False,False,False,False,True,40,,,
120.08454132080078,120.69841545820569,117.07366174152065,117.41469879893988,81312200,107.62890572879759,59.079796631313705,92398555.0,False,False,False,False,False,40,,,
119.27580261230469,119.61683968170229,117.46342569030537,119.29528725882003,86939800,107.8314604572064,56.785112941874374,91587430.0,False,False,False,False,False,40,,,
118.66194152832031,120.19174292308256,118.42808857411595,119.46094593639897,79184500,108.01981664974751,55.03771902713074,91467560.0,False,False,False,False,False,40,,,
124.60574340820312,124.62523548902008,120.95175883034318,121.15638107461726,157243700,108.30826754989457,65.96021779079385,94770595.0,True,False,False,False,False,60,,,
124.53753662109375,125.083195941908,123.31954175566861,124.14778421139826,98208600,108.59051570765455,65.76279291698141,95967475.0,False,False,False,False,False,40,,,
125.40474700927734,126.26222014302118,124.76164215896948,125.5996232120097,94359800,108.88293712159582,67.11068814983105,96869360.0,False,False,False,False,False,40,,,
123.4169921875,125.79452063801119,122.89081749267945,125.6581058023967,192541500,109.13570329665502,61.16647607343653,102790785.0,True,False,False,False,False,60,,,
124.94680786132812,125.02476133357642,120.2891956882512,121.81899726937544,121251600,109.41067902821456,63.82232991812445,105173150.0,False,False,False,False,False,40,,,
128.50331115722656,130.96853111723706,126.33039801611169,128.24022015212188,168904800,109.74272480437129,69.11124470852238,107220425.0,True,False,False,False,False,60,,,
127.60690307617188,129.03925147681866,127.43150406974205,128.77617526932784,88223700,110.05340616562,66.47344746571977,105937900.0,False,False,False,False,True,40,,,
128.5910186767578,130.0428738137408,127.74329906375385,127.95766733547217,54930100,110.37579942668327,67.92101345704546,104859445.0,False,False,False,False,False,40,,,
133.19020080566406,133.82355230210814,130.09161358052606,130.55933439782117,124486200,110.77257162457859,73.64752410943859,108749190.0,False,False,False,False,False,40,,,
131.41680908203125,135.2364403537799,130.90038029198016,134.51539669044374,121047300,111.13160184122994,68.5649867180894,106331045.0,False,False,False,False,False,40,,,
130.29624938964844,132.50813272871576,129.98443549687033,132.1086267541331,96452100,111.4649000594633,65.48953211181289,104767240.0,False,False,False,False,False,40,,,
129.29261779785156,131.29013272873263,128.3474524139923,130.64702774975748,99116600,111.77494732447875,62.77366557104364,105272860.0,False,False,False,False,False,40,,,
126.09658813476562,130.18904830293448,123.51443728468345,130.1013562325265,143301900,112.0240193385707,54.95764312237911,108489575.0,False,False,False,False,False,40,,,
127.65560150146484,128.36692121346996,125.1416582953915,125.58988695133853,97664900,112.29587294140364,57.722910383650714,109459800.0,False,False,False,False,False,40,,,
123.35851287841797,127.69457886274444,123.14414460239527,124.44983890451066,155088000,112.48826667943868,48.82535725951378,112878600.0,False,False,False,False,False,20,,,
127.56793212890625,128.25975988289687,124.58628252358339,125.07348056022057,109578200,112.75052173073377,55.98307580219822,114246235.0,False,False,False,False,False,40,,,
128.6689910888672,129.23414253685505,126.89558328296363,129.0392514479538,105158200,113.0273646760926,57.651590280853824,113749685.0,False,False,False,False,False,40,,,
125.67757415771484,126.83710761276025,125.20986830687416,125.88220383076441,100384500,113.24736831925125,51.89593608506855,114703300.0,False,False,False,False,False,40,,,
125.50220489501953,126.36941672040446,123.6118743194809,125.2098831281038,91951100,113.46049591187331,51.57088680137214,114953865.0,False,False,False,False,False,40,,,
127.5386734008789,128.08433270307023,125.20012928631586,125.46320546323611,88636800,113.70533378124732,55.08875724659058,115426480.0,False,False,False,False,False,40,,,
125.60939025878906,127.6458743033761,125.46322193987007,127.45099807958694,90221800,113.91236085042196,51.2878214685428,112075385.0,False,False,False,False,False,40,,,
123.88471221923828,126.88585381359638,123.7482973680449,125.48272113383378,111598500,114.0857930481405,48.09327882004333,112744880.0,False,False,False,False,False,20,,,
124.55705261230469,125.41452591995923,123.68984069637378,124.50832983471444,90757300,114.26790191012597,49.41601529481963,112564755.0,False,False,False,False,False,20,,,
128.6494903564453,129.0977190154373,125.25859676461178,125.36578090905975,104319500,114.51801649180109,56.656266171783756,108153655.0,False,False,False,False,False,40,,,
133.36558532714844,136.0938972964428,130.1695674073792,130.3741971240205,120150900,114.84580029763322,63.194218697592575,108098620.0,False,False,False,False,False,40,,,
135.50924682617188,136.26927444924834,131.56294040290453,132.7906739013892,114459400,115.20516458508607,65.72498175240707,105376350.0,False,False,False,False,False,40,,,
139.2606658935547,141.37510329816405,133.04401504155618,139.40683420534555,157611700,115.62352112958118,69.65701998949308,108845750.0,False,False,False,False,False,40,,,
139.49452209472656,140.60533283780688,137.7503450890547,139.92325867417892,98390600,116.03866897245327,69.88892190479585,111018775.0,False,False,False,False,False,40,,,
138.42263793945312,140.60528945776494,136.81489113063623,139.75755516699317,140843800,116.42795538927065,67.3482078386669,111836655.0,False,False,False,False,False,40,,,
133.57997131347656,138.3545216080431,133.199957390702,135.94776180776887,142621100,116.72625131838727,57.22625753313258,112915345.0,False,False,False,False,False,40,,,
128.5812530517578,133.2388629438258,126.8760607101987,132.3521593578717,177523800,116.93242526157633,49.03415105991421,116968930.0,True,False,False,False,False,40,,,
130.70542907714844,131.91368500960326,127.57761256614795,130.32541537656869,106239800,117.1719557627167,52.16771051034065,117325090.0,False,False,False,False,False,40,,,
131.53372192382812,132.81991691760996,131.16344668453948,132.25476545115475,83305400,117.42172560899691,53.371601777149735,114325265.0,False,False,False,False,False,40,,,
130.5105743408203,132.29372041863363,130.18902194631957,132.283966945161,89880900,117.64935776085471,51.642531391052046,113936065.0,False,False,False,False,False,40,,,
133.8722686767578,133.8820072844467,131.14395684543172,132.8101805826387,84183100,117.93149534200086,56.615766467054904,110390820.0,False,False,False,False,False,40,,,
133.45751953125,134.1015854508509,132.57925865202728,134.033283551068,75693800,118.2015131539878,55.85258005394401,108696600.0,False,False,False,False,False,40,,,
133.60391235351562,133.65270793576502,131.6619613464302,132.74515775495385,71297200,118.46938096615351,56.07763982605457,107003550.0,False,False,False,False,False,40,,,
132.7256317138672,134.5504851694013,132.56950670280034,133.3209020588762,76774200,118.71731576176592,54.28947958225987,105823035.0,False,False,False,False,False,40,,,
132.12060546875,133.6819746696006,131.15450660056266,133.18428060554035,73046600,118.95041645232216,53.034883533376785,104877810.0,False,False,False,False,False,40,,,
131.8668975830078,133.09646585492624,130.5397381460376,132.61829297068624,64280000,119.17505090676886,52.48712961204397,103659970.0,False,False,False,False,False,40,,,
132.10105895996094,132.25719882820738,130.46163501432542,131.10570080310399,60145100,119.39985104682438,52.96992765734421,102156135.0,False,False,False,False,False,40,,,
129.97369384765625,132.72558797369038,129.5833442228288,132.2181557968882,80576300,119.58374396509971,48.17996459544256,100605025.0,False,False,False,False,True,20,,,
127.68047332763672,129.0271538654206,126.34356083975098,128.08057622514062,97918500,119.72455664966557,43.60271317203726,100963085.0,False,False,False,False,False,20,,,
126.57776641845703,126.86075693989008,124.33330389453356,126.08007238065763,96856700,119.84374290651412,41.558181748744964,100589945.0,False,False,False,False,False,20,,,
126.7339096069336,127.55363670145083,125.6897555852295,127.09498501546292,87668800,119.96357189260837,41.97309500827473,98965840.0,False,False,False,False,False,20,,,
122.95736694335938,126.58753801577001,122.56702460688798,124.91882434122574,103916400,120.015637893491,35.422651619434724,98438690.0,False,False,False,False,False,20,,,
122.82073211669922,123.65020481957035,115.53111655663116,120.77144442573531,158273000,120.06442214085115,35.20856000124517,98471755.0,True,False,False,False,False,40,,,
122.32304382324219,122.52797184498519,119.2783904200208,121.92294838417055,111039900,120.10370251793621,34.393158775165894,99104220.0,False,False,False,False,False,20,,,
118.06835174560547,123.40626429687318,117.62922124798095,121.6692486287069,148199500,120.06830511320003,28.348766334578567,99472005.0,False,False,True,False,False,20,,,
118.33181762695312,121.83512279314837,118.27326144324365,119.62969515081251,164560400,120.03810533083052,29.178779398145988,100568970.0,True,False,False,False,False,40,,,
124.70413208007812,124.84075076896436,119.82487191939815,120.76168897682948,116307900,120.11925362212178,45.59454673148575,97508175.0,False,True,False,False,False,40,123.45709075927735,122.83357009887695,128.44525604248048
122.09861755371094,125.6116836281733,121.99127322699131,125.3091718593238,102260900,120.15367734267114,41.37190458227253,97309230.0,False,False,False,False,False,20,123.45709075927735,,
119.11250305175781,122.67436464921909,118.89781440194187,121.79609628413596,112966300,120.13556996369874,37.12795648965725,98792275.0,False,False,True,False,False,20,123.45709075927735,,
117.2291030883789,120.61531086428089,115.75557186593713,118.80998607618001,178155000,120.08502271369318,34.70952388178996,103205980.0,True,False,False,False,False,40,123.45709075927735,,
118.48795318603516,118.99540041730722,114.73092431231343,118.05858335014369,153766600,120.05724759147304,37.63367131896984,106685155.0,False,False,False,False,False,20,123.45709075927735,,
113.5501480102539,118.0781010413507,113.40376871001352,118.0097916939266,154376600,119.94408064223445,31.646522644294528,110619295.0,False,False,False,False,False,20,123.45709075927735,,
118.1658935546875,119.11247101327196,115.92143883113735,116.15564118377769,129525800,119.91315564940756,41.082377664043854,113530725.0,False,False,False,False,False,20,123.45709075927735,,
117.08273315429688,119.21984409787017,116.5655253098007,118.75143927948164,111943300,119.86393091036216,39.69747537727821,115289180.0,False,False,False,False,False,20,123.45709075927735,,
119.01490783691406,120.23472282472085,118.33181442180619,119.58090377809478,103026500,119.8491652916935,43.365108855272794,116788175.0,False,False,False,False,False,20,123.45709075927735,,
118.10737609863281,118.24399479427487,116.28253747320228,117.49259196824357,88105100,119.81887330572722,42.070819082827384,117979430.0,False,False,False,False,False,20,123.45709075927735,,
120.99588012695312,121.00564073101157,117.51208899403603,118.47818777651618,92403800,119.83934298957463,47.447118537642204,119592365.0,False,True,False,False,False,40,119.78592132568359,119.18094192504883,124.62575653076172
122.53772735595703,124.14788454004912,121.70825469904881,122.66458542743165,115227900,119.88627141333781,50.108840629833495,121324945.0,False,False,False,False,False,40,121.31235008239746,,
121.74730682373047,122.8207426159824,119.38573914658367,121.05445274468458,111932600,119.91863724656203,48.74581182009784,122025650.0,False,False,False,False,False,20,120.52983375549316,,
117.61944580078125,120.20545520924264,117.41451776473627,119.91269661765824,121229700,119.87865130837454,42.27800934056694,123244300.0,False,False,True,False,False,20,120.52983375549316,,
117.09247589111328,118.49770511150997,116.78996416261775,117.00465278741832,185549500,119.83019608372652,41.52060370166769,128138335.0,False,False,False,False,False,20,120.52983375549316,,
120.41036987304688,120.8787820785301,117.35595599145238,117.42426532921458,111912300,119.84028606267123,47.85477650994952,128538130.0,False,True,False,False,False,40,119.20626617431641,118.60421432495117,124.02268096923828
119.58091735839844,121.23986295215124,119.19057502893875,120.35184141166212,95467100,119.83577530259691,46.498829388721916,125397835.0,False,False,True,False,False,20,118.38510818481446,,
117.19005584716797,119.93220486001856,117.17054208424707,119.8541349180161,88530500,119.78976279032858,42.739626549465704,124272365.0,False,False,False,False,False,20,118.38510818481446,,
117.67798614501953,118.7221549060971,116.1263850777415,116.6533460379,98844700,119.75303623997539,43.73927458522681,121804625.0,False,False,False,False,False,20,118.38510818481446,,
118.28302764892578,118.54651187519468,116.04832553149886,117.44379427923147,94071200,119.72747087317452,45.02101974210114,118280165.0,False,False,False,False,False,20,118.38510818481446,,
118.45867156982422,119.61993781154605,117.81461313280423,118.71239516993987,80819200,119.70540479833365,45.40983509344143,116505730.0,False,False,False,False,False,20,117.27408485412597,,
117.004638671875,117.49256459840896,115.98975185126531,117.20956666760021,85671900,119.65843495265611,42.71662958093827,115676280.0,False,False,False,False,False,20,117.27408485412597,,
119.20030975341797,120.53722207670454,118.22445786422938,118.71238380882367,118323800,119.65046755788676,47.755549626050225,115944155.0,False,False,False,False,False,20,118.00830665588379,,
120.02978515625,121.1812907100269,119.5320985965673,120.67385099174045,75089100,119.65706438568438,49.56064174523521,110790860.0,False,True,False,False,False,40,118.8294873046875,118.22933837890625,123.6306787109375
122.85975646972656,123.11348004996272,120.09809378856455,120.87877829152542,88651200,119.71276337845033,55.242474868813,107535090.0,False,False,False,False,False,40,121.6311589050293,,
123.16228485107422,124.06006693940361,122.61581009211896,123.44528283557895,80171300,119.7727550562351,55.815479122265565,103824825.0,False,False,False,False,False,40,121.93066200256348,,
124.81147766113281,124.83099142610236,122.11812394056145,122.79146423199435,83466700,119.86038501458114,58.90420363475547,101521870.0,False,False,False,True,False,60,123.56336288452148,,
127.21208190917969,127.24135628131242,125.41651759687218,125.83612685765557,88844600,119.98824061274807,62.962843208842564,100366935.0,False,False,False,False,False,40,125.93996109008789,,
129.788330078125,129.82735761061758,126.34357333569822,126.66560631746748,106686700,120.15867695127636,66.75715549673426,100549945.0,False,False,False,False,False,40,128.49044677734375,,
128.07083129882812,129.64195373047176,127.4755609392533,129.31992075985053,91420000,120.29627963558161,62.18349440609935,100715690.0,False,False,False,False,False,40,128.49044677734375,,
131.18380737304688,131.40826410568187,128.7441768121527,129.241870976382,91266500,120.48562794405927,66.64418175726952,100658825.0,False,False,False,False,False,40,129.87196929931642,,
128.8417510986328,131.74003301621525,128.48069058786155,131.68148427288168,87222800,120.63095182500838,60.83053974651138,99258570.0,False,False,False,False,True,40,129.87196929931642,,
131.25213623046875,131.74006238745935,130.41290264483195,130.58856380431737,89347100,120.81566807553813,64.28376939418209,98129295.0,False,False,False,False,False,40,129.93961486816406,,
130.92031860351562,131.41799780371278,130.06156400836352,131.05693729907884,84922400,120.9914011281986,63.45442015547989,96313930.0,False,False,False,False,False,40,129.61111541748048,,
131.58387756347656,132.1986690764981,130.12009959176393,130.2859926417197,94264200,121.1756181096817,64.44236728474309,91749665.0,False,False,False,True,False,60,130.2680387878418,,
129.89564514160156,132.25720491889302,128.6270347117328,131.7595258175455,94812300,121.32727075371508,59.99835174886372,90894665.0,False,False,False,False,True,40,130.2680387878418,,
130.27626037597656,130.5202234103885,128.12938865121586,129.16378953467097,68847100,121.48290535584137,60.65708447094102,89563665.0,False,False,False,False,False,40,128.9734977722168,,
128.75392150878906,130.91054619483594,128.2367211149233,129.8273498266732,84566500,121.60935781067523,56.63953803759698,89365465.0,False,False,False,False,False,40,128.9734977722168,,
131.0764617919922,131.85713156314563,128.96861767310645,128.96861767310645,78657500,121.77400309730683,60.89501372838614,88356105.0,False,False,False,False,False,40,129.76569717407227,,
131.46681213378906,131.7985983145687,130.33481998608113,131.5741564734911,66905100,121.94257368924565,61.57753382316983,86997800.0,False,False,False,False,False,40,130.15214401245117,,
131.14476013183594,132.1401334204204,130.87152274129448,131.7497836551319,66015800,122.10261171433417,60.63720744420874,86257630.0,False,False,False,False,False,40,129.8333125305176,,
130.3543243408203,131.75955373687952,129.8663982944287,131.06669219926212,107760100,122.24611976001219,58.2846731110787,87362040.0,False,False,False,False,False,40,129.0507810974121,,
130.25672912597656,133.7600493468008,129.25160269288304,133.174532153205,151101000,122.38543470550722,57.985540954518434,89000900.0,True,False,False,False,False,60,128.95416183471679,,
128.2855224609375,130.3348029182655,127.90494074098223,128.59778738715457,109839500,122.4880449273408,52.162432359777796,90738420.0,False,False,False,False,False,40,128.95416183471679,,
129.3394012451172,130.83246831624223,128.64655475092198,128.85147530654447,75135100,122.60719895025865,54.77721542024888,90062615.0,False,False,False,False,False,40,128.04600723266603,,
124.7626724243164,128.3147804318186,123.64044117384255,128.0220218638134,137564700,122.64468544545966,43.62520316332636,92932285.0,False,False,False,False,False,20,128.04600723266603,,
125.00664520263672,127.29988843260809,124.8797796797169,126.08007345167024,84000900,122.68576300645404,44.276475659608586,92958995.0,False,False,False,False,False,20,128.04600723266603,,
126.60704803466797,126.61680119447594,124.06006618952057,124.80171581873422,78128300,122.75395926781428,48.48100827549315,92423180.0,False,False,False,True,False,40,128.04600723266603,,
127.28154754638672,128.3079208226554,126.56795470962503,127.90715317224466,78973300,122.83269993352859,50.18693140366219,91037510.0,False,False,False,False,False,40,128.04600723266603,,
123.9970932006836,126.62658899435064,123.9579919211375,126.49952288698726,88071200,122.85295025121825,42.76165126860884,90870070.0,False,False,False,False,False,20,128.04600723266603,,
123.07823181152344,123.43012839060427,120.00884494360865,120.72243020113098,126142800,122.85686819139747,40.93688014908873,92613885.0,False,False,False,False,False,20,128.04600723266603,,
120.00882720947266,121.83677249441273,119.50052559675295,120.62466291192348,112172300,122.80733704388574,35.48890245968063,93861360.0,False,False,True,False,False,20,128.04600723266603,,
122.15938568115234,123.3128473997713,121.46535470454872,121.77815750326876,105861300,122.79606832453385,41.37571167514495,94687070.0,False,False,False,False,False,20,128.04600723266603,,
124.5835952758789,125.0137018854759,123.01958141071674,123.41058674145887,81918000,122.82715574977463,47.22226448457382,94536850.0,False,True,False,False,False,40,123.33775932312011,122.71484134674073,128.32110313415527
123.4301528930664,124.07531290803357,122.35489365926202,123.96778623887236,74244600,122.83764265661449,44.926459920478834,93535870.0,False,False,False,False,False,20,122.19585136413573,,
122.04206848144531,124.1339383673377,121.97364310976869,123.71360895337953,63342900,122.82380658400285,42.26353697158029,91962400.0,False,False,True,False,False,20,122.19585136413573,,
121.88567352294922,122.1104965529405,120.09682917810171,120.39008503908883,92612000,122.80749122641932,41.961749267182505,93150645.0,False,False,False,False,False,20,122.19585136413573,,
124.4467544555664,124.84753700244316,122.28645896670807,122.41353999757484,76857100,122.83600015214361,48.45294622272635,92765175.0,False,True,False,False,False,40,123.20228691101075,122.58005313873291,128.1801570892334
122.60903930664062,125.1212388827715,122.39398598406174,124.94528684228031,79295400,122.83205300700443,44.598432116682915,92797070.0,False,False,True,False,False,20,123.20228691101075,,
124.2414779663086,125.06258996981754,123.1075706235096,123.1759960023181,63092900,122.85656474542711,48.51640708015042,92606460.0,False,True,False,False,False,40,122.9990631866455,122.37785579681396,127.96872230529786
124.04598999023438,125.43405951686096,123.47903253976772,124.94529717923193,72009500,122.87725040185853,48.07792366974014,92906145.0,False,False,False,False,False,20,122.80553009033203,,
123.9970932006836,124.52494928784593,123.57676376782135,124.1046198549837,56575900,122.89672592879462,47.96116229138219,90346935.0,False,False,False,False,False,20,122.75712226867675,,
122.46240234375,124.7693256123678,122.26690340551721,123.5963170673582,94625600,122.88917247514168,44.322800002445554,87523165.0,False,False,True,False,False,20,122.75712226867675,,
121.8074722290039,122.9707110430963,121.74882403932074,122.74588055296678,71311100,122.87036029694798,42.829596621593744,85596745.0,False,False,False,False,False,20,122.75712226867675,,
121.48489379882812,122.53082878890919,121.15254410936616,122.26690447420742,67637100,122.84626522741546,42.07768182932159,85221845.0,False,False,False,False,False,20,122.75712226867675,,
122.24732971191406,122.42328171163132,121.26005053476115,121.48487353240775,59278900,122.83584895758065,44.55531643221426,81307555.0,False,False,False,False,False,20,122.75712226867675,,
120.76152801513672,122.04206311064841,120.36074552880676,121.87588828071905,76229200,122.79977381075554,40.88504648707417,80918970.0,False,False,False,False,False,20,122.75712226867675,,
123.05867767333984,123.32260943039987,121.06455727986688,121.27961057589917,75169300,122.80427648662658,48.01504257040817,80771020.0,False,True,False,False,False,40,121.82809089660644,121.21279750823975,126.75043800354004
123.0684585571289,123.47901079400312,122.02252359682196,123.33238286431767,71057600,122.80887095741792,48.0437770279554,80375235.0,False,False,False,False,False,20,121.83777397155761,,
123.88956451416016,125.57088967583601,123.37148561983427,123.75271376689696,74403800,122.82766562796996,50.516587003116584,79691865.0,False,False,False,False,False,40,122.65066886901856,,
124.27080535888672,124.87686405712522,123.674523845825,124.34900792468662,56877900,122.85276371024678,51.66681385169719,76228620.0,False,False,False,False,False,40,123.02809730529785,,
123.27371978759766,125.30694127390441,123.10754496766629,124.16324952672848,71186400,122.86008468550506,48.49204544603111,74179325.0,False,False,False,False,False,20,122.04098258972168,,
124.48583221435547,124.5738119466235,123.2639453503398,123.68427472987341,53522400,122.88835855557203,52.32706362703563,71562380.0,False,False,False,False,False,40,123.24097389221191,,
127.54544830322266,127.60409649266556,124.21214444863777,124.94527664789969,96906500,122.96935142074855,60.35171610211935,72311805.0,False,False,False,False,False,40,126.26999382019042,,
126.724365234375,127.66278117087855,126.47998779332478,127.01762114675832,62746300,123.03465600881162,57.551965571678885,71736890.0,False,False,False,False,False,40,125.45712158203125,,
127.22286987304688,127.94623235462356,125.57089115999193,127.43792318066122,91815000,123.10749451079832,58.80158288173887,73160495.0,False,False,False,False,False,40,125.9506411743164,,
128.82595825195312,129.56887494764572,126.73408871652109,126.88072407701245,96721700,123.20694605412275,62.613211302057096,73365980.0,False,False,False,True,False,60,127.5376986694336,,
127.5259017944336,128.5522748841205,127.31084850130004,127.7702791806661,108953300,123.28205832786729,57.932202113319576,74970790.0,False,False,False,False,False,40,127.5376986694336,,
129.3245086669922,129.43203530764706,126.304007918975,127.36948968462076,79663300,123.38714442072164,62.14836060527767,74989185.0,False,False,False,True,False,60,128.03126358032227,,
130.96670532226562,131.0644622285742,128.65978254011517,129.1583218804352,74783600,123.51896287118328,65.54388643054165,75573720.0,False,False,False,False,False,40,129.65703826904297,,
130.69300842285156,131.29907441491832,130.23357779534092,130.76144124276647,60214200,123.6437288807775,64.505289416463,74983955.0,False,False,False,False,False,40,129.38607833862304,,
130.40953063964844,131.6118630068928,129.9403153955842,131.42613383723523,68711000,123.76139499832308,63.38498738788635,75590710.0,False,False,False,False,False,40,129.10543533325196,,
130.11627197265625,130.87872808294074,129.8230161804832,130.45840621612638,70783700,123.87191459787671,62.18183716732817,74398615.0,False,False,False,False,False,40,128.8151092529297,,
131.74876403808594,132.2081948177629,130.35093224313096,130.40958044213394,62111300,124.00890328379339,66.04563157668531,73938625.0,False,False,False,False,False,40,130.4312763977051,,
133.2638397216797,133.42024478363112,131.32837555575557,131.76825174133728,64556100,124.16985870010446,69.1915756788285,73784575.0,False,False,False,False,False,40,131.93120132446288,,
133.87969970703125,134.31957597270352,132.81420307964328,133.1074588952949,63261400,124.33872550022492,70.3924303382903,73983700.0,False,False,False,False,False,40,132.54090270996093,,
134.1827392578125,134.24138744394435,132.70669030063868,133.52780965332033,52485800,124.50992573948731,70.991595850312,72796530.0,False,False,False,False,False,40,132.84091186523438,,
136.812255859375,136.85134968212856,134.65195299080864,134.79857347065126,78852600,124.72387930678971,75.60486292021338,72980695.0,False,False,False,False,False,40,135.44413330078126,,
138.825927734375,139.93050352064463,136.91978685791386,136.91978685791386,108181800,124.96913232292162,78.43341173221499,74836905.0,False,False,False,False,False,40,137.43766845703124,,
141.3185577392578,141.63135302793145,139.45151098591106,140.3117092164722,104911600,125.25347015624921,81.3206116908732,76362295.0,False,False,False,False,False,40,139.90537216186524,,
140.0184783935547,140.82002849752848,137.50627159938102,138.39580890191343,105575500,125.51025290820235,75.63332242589634,78797175.0,False,False,False,False,False,40,138.61829360961914,,
141.8463897705078,142.37423828416007,139.44171008126813,139.53946698760842,99890800,125.79435963624245,77.9665502217451,80232395.0,False,False,False,False,False,40,140.42792587280275,,
141.2501220703125,143.02919651124512,140.76136732266437,142.92166987013806,76299700,126.06315550466105,75.42925232460787,81371260.0,False,False,False,False,False,40,139.83762084960938,,
142.36448669433594,144.1435611902038,140.3996979177406,140.79069576168808,100827100,126.3466569166554,76.93967755829567,81567290.0,False,False,False,False,False,40,140.94084182739257,,
145.79556274414062,146.20612993530744,144.35862232189876,144.76918951306558,127050800,126.68489875713341,80.84420703561534,84782515.0,False,False,False,False,False,40,144.33760711669922,,
145.14059448242188,146.62641297695922,143.7818569854598,145.88351118749557,106820300,127.00586737844277,78.12484461553404,85532780.0,False,False,False,False,False,40,143.68918853759766,,
143.09764099121094,146.3918438290554,142.59911642566018,145.12109318169695,93251400,127.28572431083875,70.19364486808442,85359265.0,False,False,False,False,False,40,143.68918853759766,,
139.2462615966797,140.82983754217113,138.4838051811381,140.5170272611207,121434600,127.49373365494033,58.19853386506014,85983330.0,False,False,False,False,False,40,143.68918853759766,,
142.863037109375,143.7916832596006,139.74479368631023,140.23354853774924,96350000,127.76102588893049,64.35818630179385,86817665.0,False,False,False,False,False,40,143.68918853759766,,
142.12989807128906,142.8434908596877,141.3772263751189,142.25697909961474,74993500,128.0109193181889,62.352477490514794,86828160.0,False,False,False,False,False,40,143.68918853759766,,
143.49839782714844,144.86690516323114,142.5306580508827,142.6577390590944,77338200,128.28026677051864,64.57197225145684,87684360.0,False,False,False,False,False,40,143.68918853759766,,
145.21881103515625,145.3752161371665,143.6156960285799,144.23153179548808,71447400,128.57485014903406,67.19068360668214,87821180.0,False,False,False,False,False,40,143.7666229248047,,
145.63916015625,146.46026463758602,144.37816442398642,144.9353520535012,72434100,128.8716207578552,67.81662588732016,87903700.0,False,False,False,False,False,40,144.1827685546875,,
143.46910095214844,145.8542269751725,142.2765379406364,145.76623976746671,104818600,129.12548997862552,61.313267475072095,90039065.0,False,False,False,False,True,40,144.1827685546875,,
141.7193145751953,143.66456373234172,139.3341891527353,141.55313976010396,118931200,129.3445130150876,56.600060233205966,92757820.0,False,False,False,False,False,40,144.1827685546875,,
142.36448669433594,143.25402394226987,141.3283289838246,141.43585562825191,56699500,129.5709473399441,57.885549507593815,92429725.0,False,False,False,False,False,40,144.1827685546875,,
142.57952880859375,143.03895944281084,140.86888727307377,141.13281900063922,70440600,129.79718353939887,58.32859678178216,93327465.0,False,False,False,False,False,40,144.1827685546875,,
142.24717712402344,143.64500845625085,141.9832454002648,143.0682814694833,62880000,130.01370516695755,57.32485740908376,92528835.0,False,False,False,False,False,40,144.1827685546875,,
144.0458221435547,144.71052154385873,141.91484335749328,142.53067920795002,64786600,130.25774198394186,61.21475549830715,90359075.0,False,False,False,False,False,40,144.1827685546875,,
143.64505004882812,144.46615463203972,142.9901203277702,143.95786031802183,56368300,130.4905647328964,59.90448996837997,87931910.0,False,False,False,False,False,40,144.1827685546875,,
143.75257873535156,144.51503513271194,142.882595670896,143.67437616695372,46397700,130.72120845467822,60.150942227457094,84973020.0,False,False,False,False,False,40,144.1827685546875,,
143.06729125976562,144.01689744386482,142.56801978751224,143.2728824177294,54126800,130.93592293824494,57.716119632802666,82684820.0,False,False,False,False,False,40,144.1827685546875,,
143.01832580566406,143.61550061721744,142.4603183242228,143.12601355653302,48908700,131.14605168376528,57.53690516709168,81315270.0,False,False,False,False,False,40,144.1827685546875,,
142.53860473632812,144.60424024721186,142.2449095809598,143.36093922099448,69023100,131.34418304120115,55.711722999434684,79725070.0,False,False,False,False,False,40,144.1827685546875,,
142.79315185546875,143.63507011431875,142.47008863472837,142.97915931025486,48493500,131.54329554231884,56.500239277859585,75797205.0,False,False,False,False,False,40,144.1827685546875,,
145.7594451904297,145.91608462298464,142.77357136091953,143.11621825238865,72282600,131.7905329275034,64.4445863210327,74070320.0,False,False,False,False,False,40,144.3018507385254,,
145.9650421142578,146.29788971819715,145.15249183078768,145.83777070300374,59375000,132.0370461307513,64.92275813932046,72376500.0,False,False,False,False,False,40,144.50539169311523,,
147.94256591796875,148.01110127736936,143.3903421833443,145.4168108670683,103296000,132.31366386618117,69.21173105133622,71469570.0,False,False,False,False,False,40,146.46314025878905,,
147.03216552734375,148.49082780321805,145.95528772679708,147.07131793010743,92229700,132.56963780811444,65.25585436609664,71263555.0,False,False,False,False,False,40,145.5618438720703,,
143.28265380859375,147.5509815993363,143.07706266924538,146.65032719515608,86326000,132.7559511298619,52.05862681322466,71830180.0,False,False,False,False,False,40,145.5618438720703,,
143.61550903320312,144.888178453154,141.46176882757268,141.9806239472667,86960300,132.94481300644173,52.967958657724125,72311285.0,False,False,False,False,False,40,145.5618438720703,,
145.0741729736328,145.37765255184942,143.6938159198485,144.33994240518913,60549600,133.1557583971755,56.832135942761056,71766395.0,False,False,False,False,False,40,145.5618438720703,,
146.5622100830078,147.03211343952145,144.78047016020776,145.191637464402,60131800,133.38891407866825,60.4059831134655,71151280.0,False,False,False,False,False,40,145.09658798217774,,
146.47410583496094,147.68803914447207,146.01398679478913,146.30768202395666,48606400,133.6164826309516,60.0887806308121,68340670.0,False,False,False,False,False,40,145.00936477661133,,
145.2406005859375,147.15939642783155,144.69237747052765,146.66011006790077,58991300,133.81864120408179,55.68031799629469,65343675.0,False,False,False,False,True,40,143.7881945800781,,
144.43783569335938,145.98461660195343,144.4084676646739,145.23081728174643,48597200,134.00332284737357,52.95729314903286,64938560.0,False,False,False,False,False,40,142.9934573364258,,
145.4755859375,145.62242610628783,143.7427972559924,144.379124571356,55802400,134.20284046633228,55.95594696358378,64206650.0,False,False,False,True,False,60,144.020830078125,,
149.90052795410156,150.26275857372073,145.48535959462373,145.8671589433328,90956700,134.47584372698913,65.92882596121976,65610485.0,False,False,False,False,False,40,148.40152267456054,,
148.63763427734375,149.5872403166816,148.1089799162903,149.45018454491938,86453100,134.72213573656052,61.639063980246576,66693810.0,False,False,False,False,False,40,147.1512579345703,,
149.30332946777344,151.72139660647437,149.13690566906416,149.61660833919711,80313700,134.97572171449465,63.005497050668836,67891080.0,False,False,False,False,False,40,147.8102961730957,,
150.41937255859375,151.46688207200458,149.19565486795125,150.63474806718364,71115500,135.24430694656596,65.24091015308625,69126970.0,False,False,False,False,False,40,148.91517883300781,,
151.0556640625,151.37872721704244,149.87109916251111,150.52700983217417,57808700,135.51928707032133,66.4843591269571,69311065.0,False,False,False,False,False,40,149.545107421875,,
153.39547729492188,153.95348484848995,151.14383353713905,151.71164039348162,82278300,135.83017733509698,70.64324810004572,70979545.0,False,False,False,False,False,40,151.86152252197266,,
151.84866333007812,153.73807604944514,150.74241788918883,153.67933999735516,74420200,136.1087597002271,64.90900227851807,71249400.0,False,False,False,False,False,40,151.86152252197266,,
150.83056640625,152.82766725771464,150.71307934113239,152.2207080167917,57305700,136.36479112120142,61.37756861854422,71690010.0,False,False,False,False,False,40,151.86152252197266,,
145.83778381347656,152.21090030495253,145.57345660401688,151.74099688432676,140893200,136.5295388201975,47.678111015136274,75120540.0,True,False,False,False,False,40,151.86152252197266,,
146.4055938720703,148.23627083685082,145.62241152835927,147.46288779538614,102404300,136.7012962993605,49.0703365911199,77272005.0,False,False,False,False,False,20,151.86152252197266,,
145.00564575195312,147.8936314335505,143.8210954003336,147.1887688532645,109296300,136.84571976810125,45.83223289576258,77572020.0,False,False,False,False,False,20,151.86152252197266,,
145.8965301513672,146.29791317586614,143.2924550814451,145.43641106239744,83281300,137.0031251660711,48.175908546128035,77124600.0,False,False,False,False,False,20,151.86152252197266,,
145.6615753173828,145.83779845403365,144.12459347851345,145.31894328505592,68034100,137.15370690783305,47.591078289048916,76210005.0,False,False,False,False,False,20,151.86152252197266,,
142.98892211914062,145.6908995806061,142.6952269683784,145.6908995806061,129868800,137.25518891150796,41.42998724387839,78355430.0,True,False,False,False,True,40,151.86152252197266,,
139.93453979492188,141.79458433792297,138.29965507938874,140.77645799540764,123478900,137.30178631817603,35.73614697182831,81501895.0,True,False,False,False,False,40,151.86152252197266,,
140.41424560546875,141.5596584283987,139.77791842647125,140.90373264714654,75834000,137.35591604491157,37.19601614521116,82287005.0,False,False,False,False,False,20,151.86152252197266,,
142.78335571289062,143.35114745502966,140.67855277043824,141.41278322846554,76404300,137.45030630000684,43.9660851201829,83676900.0,False,False,False,False,False,20,151.86152252197266,,
143.74278259277344,143.987526141095,142.5778009126891,143.56655947024234,64838200,137.55974067031582,46.482117032198225,83969245.0,False,False,False,False,False,20,151.86152252197266,,
143.8308868408203,144.369325635303,142.49948133899076,142.5973847336097,53477900,137.66880408197676,46.71871419180057,84213280.0,False,False,False,False,False,20,151.86152252197266,,
142.31344604492188,142.89105205957617,140.79604829054261,142.41134942041117,74150700,137.74958046394102,43.178136820224125,85130695.0,False,False,False,False,False,20,151.86152252197266,,
138.92620849609375,141.70649116246142,138.7108330139708,140.23803011414577,108972300,137.77004356015237,36.52415036353911,86031475.0,False,False,False,False,False,20,151.86152252197266,,
139.82688903808594,141.41282248756633,139.04370667783795,139.4744577228724,74602000,137.80581478585557,39.20691164506946,85438920.0,False,False,False,False,False,20,151.86152252197266,,
138.5248565673828,141.34430719144615,138.30948103704677,140.63944453543033,89056700,137.8183198603169,36.786455757154854,85876070.0,False,False,False,False,True,20,151.86152252197266,,
139.650634765625,139.9149619275733,136.1850733872401,138.91640426751349,94639600,137.85018620649618,40.22271878238931,87052275.0,False,False,False,False,False,20,151.86152252197266,,
136.2144775390625,139.21993567866247,135.36277471551017,138.7793853125862,98322000,137.82173909923645,34.125161958541796,89077940.0,False,False,True,False,False,20,151.86152252197266,,
138.14305114746094,139.2492967831214,136.42984628272845,136.55711770997038,80861100,137.82732713485774,39.65454732004259,89007080.0,False,True,False,False,False,40,136.76162063598633,136.07090538024903,142.28734268188478
139.01429748535156,139.16113759906187,135.4606173539954,136.53749464772653,83221100,137.847970097475,42.022150057882705,89447125.0,False,False,False,False,False,20,137.62415451049804,,
140.27723693847656,141.18769090947978,139.71922929131543,140.0520770063213,61732700,137.89021821644894,45.368226304129706,89668475.0,False,False,False,False,False,20,138.8744645690918,,
139.89540100097656,141.14848672637,139.5625533728477,141.00164657806616,58773200,137.92509096052768,44.53143081549708,85562475.0,False,False,False,False,True,20,138.4964469909668,,
139.8072967529297,141.76524506387435,138.82832259745734,139.27865728167708,64452200,137.95782497430858,44.32826390159584,83664870.0,False,False,False,False,False,20,138.4092237854004,,
138.53463745117188,140.2380579834007,138.0745183695577,140.21847431623635,73035900,137.96785649564532,41.39068879983399,81851850.0,False,False,False,False,True,20,137.14929107666015,,
137.94723510742188,138.4269228251495,136.27318293183075,138.27029833211344,78762700,137.96749786280665,40.07077902844095,81625920.0,False,False,True,False,False,20,136.56776275634766,,
140.73728942871094,140.85477646031666,138.53459804505525,139.12198838921287,69907100,138.01566815090933,48.475395904250824,81719570.0,False,True,False,False,False,40,139.32991653442383,138.62623008728028,144.95940811157226
141.7946014404297,141.85333749485733,140.4925641281013,140.74710694789957,67940300,138.0813887298575,51.264713720027935,78623145.0,False,False,False,False,False,40,140.3766554260254,,
143.46865844726562,143.75255436574946,140.14993682023066,140.4338327387145,85589200,138.17508037711679,55.38316434134038,76728660.0,False,False,False,False,False,40,142.03397186279298,,
145.63218688964844,146.03356986995644,143.4686624173773,143.91898215404882,76378900,138.30476918603037,60.078573497847565,76755905.0,False,False,False,False,False,40,144.17586502075196,,
146.12168884277344,146.6013915952755,145.00565881312252,145.57346566160615,58418800,138.4407156148433,61.07664453406023,75856630.0,False,False,False,False,False,40,144.6604719543457,,
146.33705139160156,146.4936908403183,144.76090241654427,145.68114050530517,61421000,138.57804319356953,61.53231604549795,75685770.0,False,False,False,False,False,40,144.87368087768556,,
145.5636749267578,147.02233691182352,145.5147232295898,146.54264911827497,58883400,138.69953244110323,58.86717468077581,75956045.0,False,False,False,False,True,40,144.10803817749024,,
145.5146942138672,146.22934104854468,144.51613655500375,145.55384660101817,50720600,138.81805699367303,58.69378313256437,74784540.0,False,False,False,False,False,40,144.05954727172852,,
146.18043518066406,147.66846521408038,145.87694062980856,146.19021954502938,60893400,138.94609835344679,60.401056987810634,72380595.0,False,False,False,False,False,40,144.7186308288574,,
145.72032165527344,146.58180882899126,145.36789033121931,146.2195931401995,56094900,139.063910932609,58.598380544714914,71455240.0,False,False,False,False,False,40,144.2631184387207,,
149.36209106445312,149.94946658313845,146.57200880232836,146.66991219108917,100077900,139.24300971751063,66.99470158242377,72006300.0,False,False,False,False,False,40,147.8684701538086,,
146.65032958984375,146.78738537232746,143.33160784302547,144.12457450867834,124953200,139.3718326718121,57.62350396712057,73521980.0,True,False,False,False,False,60,147.8684701538086,,
145.82798767089844,146.55241894044252,144.69237413631248,145.85735569869297,74588300,139.48411362831794,55.10617190228997,72335295.0,False,False,False,False,False,40,147.8684701538086,,
146.86575317382812,148.38316657960772,145.52454800122774,145.53434730615868,69122000,139.61248996823986,57.622174017981955,71748340.0,False,False,False,True,False,60,147.8684701538086,,
148.30479431152344,148.77469770489486,146.66990932924497,147.2279168080061,54511500,139.76366047855782,60.894947159746614,70312860.0,False,False,False,False,False,40,146.8217463684082,,
147.78594970703125,149.22502801768104,147.47267079725674,148.39290892226862,60394600,139.9031785520965,59.12208191196997,70245955.0,False,False,False,False,False,40,146.30809020996094,,
148.3153839111328,149.2173529931377,147.11929089896523,148.9134304172166,65463900,140.04947777573193,60.38934240349485,70580490.0,False,False,False,False,False,40,146.83223007202147,,
147.49183654785156,148.5996967763102,147.2173248919126,148.44282869869843,55020900,140.1789101022036,57.408006818063924,70108925.0,False,False,False,False,False,40,146.01691818237305,,
147.8545379638672,148.46238288844518,147.1192358932613,147.25649168138406,56787900,140.31239928240643,58.38248487200969,69296525.0,False,False,False,False,False,40,146.37599258422853,,
145.0211944580078,147.18789143862284,144.9525740344218,147.080046521764,65187100,140.3942913724169,48.959004329181546,68617745.0,False,False,False,False,False,20,146.37599258422853,,
144.97218322753906,146.50160947604698,144.7859042685968,146.0408338404559,41000000,140.47390688294075,48.81223391977189,67172390.0,False,False,False,False,False,20,146.37599258422853,,
147.05062866210938,147.45258246065882,144.5898079376244,145.5211876519379,63804000,140.58828465301326,54.97639400171662,66965575.0,False,False,False,False,False,40,145.5801223754883,,
147.0604248046875,148.90358691602947,146.5015880097449,147.42316906541586,59222800,140.7008436121728,55.003897237081944,65647255.0,False,False,False,False,False,40,145.58982055664063,,
148.0408172607422,148.52122000028032,146.41334508329518,147.00159272518846,59256200,140.82849532780008,57.78333515219028,64791120.0,False,False,False,True,False,60,146.56040908813478,,
150.48204040527344,151.96244333873707,148.03103325464866,148.0408318977374,88807000,140.99638306827788,63.78252313088076,66310530.0,False,False,False,False,False,40,148.9772200012207,,
154.77621459960938,155.56053998029552,150.05067998656534,150.6977495476136,137827700,141.23603231230103,71.46419205579448,70130865.0,True,False,False,False,False,60,153.22845245361327,,
157.40370178222656,157.86449238063588,153.4624776050976,154.56052415802415,117305600,141.51720917264757,74.96331958812245,73051975.0,True,False,False,False,False,60,155.8296647644043,,
157.86447143554688,162.45274960273852,157.84485918977177,158.5115259485219,117467900,141.80150938591538,75.52999147103657,76389340.0,True,False,False,False,False,60,156.2858267211914,,
158.246826171875,158.6291826815126,155.94287351139204,157.96250097049108,96041900,142.0875148952364,76.01512322232546,78146765.0,False,False,False,False,False,40,156.66435791015624,,
158.76646423339844,158.96254184147043,156.5115343411642,157.59978226969068,69463600,142.37758357937835,76.69145517070919,78815200.0,False,False,False,False,False,40,157.17879959106446,,
153.7369842529297,157.30565039386215,153.2958059172185,156.44290597018036,76959800,142.57513837370098,59.27062858386615,77659295.0,False,False,False,False,False,40,157.17879959106446,,
157.09976196289062,158.0311417015208,155.67816582735122,156.24680128961487,88748200,142.8277405230782,64.99594956665733,75849045.0,False,False,False,False,False,40,157.17879959106446,,
162.06060791015625,162.27629775232137,156.7860353404558,156.85467072649087,174048100,143.16222517328825,71.38610444092875,80822035.0,True,False,False,False,False,60,160.44000183105467,,
161.541015625,166.9626433245141,161.3057135061921,164.19789952763372,152052500,143.4818563115789,69.94582579506843,84968560.0,True,False,False,False,False,60,159.92560546875,,
160.55076599121094,160.98214564054786,154.70757335862984,155.62915443498412,136739200,143.77870691470292,67.16457723263682,89079945.0,True,False,False,False,False,60,158.94525833129882,,
158.6684112548828,161.72727865884264,156.58996176944189,160.80569748404918,118023100,144.03765829453215,62.10896497777384,91961370.0,False,False,False,False,False,40,158.94525833129882,,
162.0802001953125,164.59002900255814,161.06057289251913,161.07037153513377,107497000,144.35144163193704,66.96296627910729,94063025.0,False,False,False,False,False,40,160.45939819335936,,
167.8253631591797,168.21753329951792,165.0410224817036,165.76652602150847,120405400,144.7596837454543,73.1909762337849,97332250.0,False,False,False,False,False,40,166.1471095275879,,
171.64894104003906,172.51170037671412,167.3547715631022,168.75675548519916,116998900,145.22732300275143,76.38208805215163,100342800.0,False,False,False,False,False,40,169.93245162963868,,
171.13914489746094,173.2862298561429,170.51168757727757,171.48229193058603,108923700,145.67796338352898,75.09856419818763,102529630.0,False,False,False,False,False,40,169.42775344848633,,
175.93331909179688,176.10979941461878,171.26660609827198,171.77641985782503,115402700,146.2041434828032,78.7200370479281,106249765.0,False,False,False,False,False,40,174.1739859008789,,
172.29600524902344,178.5607789713786,172.09011406463858,177.57056250136455,153237000,146.65791499178096,70.35948171988016,110721415.0,False,False,False,False,False,40,174.1739859008789,,
170.91366577148438,174.2568437676053,168.8352160893275,171.81563478373667,139380400,147.0797541357758,67.42850748218706,114729295.0,False,False,False,False,False,40,174.1739859008789,,
175.78628540039062,175.98236303577562,168.93326208941534,171.67839386409904,131063300,147.5789981577691,71.87585600647353,118319650.0,False,False,False,False,False,40,174.0284225463867,,
168.8842315673828,177.5902158282199,167.40382828112917,175.76666547520034,150185800,147.94952395619717,59.48570419078567,121388590.0,False,False,False,False,False,40,174.0284225463867,,
167.78614807128906,170.07048857395336,166.36456688905028,166.59985400570397,195432700,148.29450872341616,57.77920202882419,124268840.0,True,False,False,False,False,60,174.0284225463867,,
166.42337036132812,167.23710645635137,164.17825459824692,164.9821770913153,107499100,148.60979327364072,55.64566628471608,123778515.0,False,False,False,False,False,40,174.0284225463867,,
169.59991455078125,169.80579079626787,165.8057448980021,168.19793052968907,91185900,148.97483886106926,59.40820679102947,122464415.0,False,False,False,False,False,40,174.0284225463867,,
172.1979522705078,172.41364208964774,168.7763410121153,169.64889893145047,92135300,149.37871909427687,62.23025489605267,122269085.0,False,False,False,False,False,40,174.0284225463867,,
172.82540893554688,173.38424572693862,171.8352074670007,172.4038429011369,68356600,149.78648761325547,62.90108167426974,122213735.0,False,False,False,False,False,40,174.0284225463867,,
176.79603576660156,176.88426842678575,173.59992807749137,173.6195253621372,74919600,150.25621888548758,66.90667422445338,122111725.0,False,False,False,False,False,40,175.02807540893554,,
175.7764129638672,177.77644307078862,175.03131221487746,176.62937357994824,79144300,150.70004834772027,64.96684954597384,121631530.0,False,False,False,False,False,40,174.01864883422851,,
175.8646697998047,177.0901733747063,174.64896486798852,175.81564666485653,62348900,151.1376939381913,65.06127597703582,116046570.0,False,False,False,False,False,40,174.10602310180664,,
174.70779418945312,177.03135924042923,174.5999492718149,175.95291006404696,59773000,151.54760872516977,62.67652896503708,111432595.0,False,False,False,False,True,40,172.9607162475586,,
174.0901641845703,175.71762176050464,173.7862266948401,174.5999629626884,64062300,151.93965316794194,61.382947220890436,107798750.0,False,False,False,False,False,40,172.3492625427246,,
178.44313049316406,179.2960912081591,174.22740989529922,174.34505345884557,104487900,152.4005832083806,66.6130194623661,107121990.0,False,False,False,False,False,40,176.65869918823242,,
176.17840576171875,179.35491668068815,175.60977025994117,179.05099416209845,99310400,152.8141105571343,61.91475437920923,106712660.0,False,False,False,False,False,40,176.65869918823242,,
171.49205017089844,176.6391646965208,171.21753859297928,176.09014154068254,94537600,153.1389442895476,53.50510119162614,105419270.0,False,False,False,False,False,40,176.65869918823242,,
168.62930297851562,171.8646356206371,168.27635732737943,169.31558203356892,96904000,153.40834183196444,49.11633609856522,104414525.0,False,False,False,False,False,20,176.65869918823242,,
168.79595947265625,170.72735431349597,167.6783008049415,169.50185073224034,86709100,153.67595257354168,49.37666466641819,103303795.0,False,False,False,False,False,20,176.65869918823242,,
168.8155975341797,169.11952007524562,164.8743732254317,165.76654355936012,106765600,153.93925074677017,49.40950997889706,102871940.0,False,False,False,False,False,20,176.65869918823242,,
171.64894104003906,171.74697235390423,167.4724300834058,168.94303442923228,76138300,154.24724536056615,54.042528791567555,99017005.0,False,False,False,False,False,40,176.65869918823242,,
172.09011840820312,173.70777719583765,171.39404073246158,172.66855252404713,74805200,154.55755619617725,54.73760336590604,95788245.0,False,False,False,False,False,40,176.65869918823242,,
168.8155975341797,173.15877570962883,168.42342735235042,172.33524076743157,84505800,154.80552213249032,48.83400452538601,93460370.0,False,False,False,False,False,20,176.65869918823242,,
169.67832946777344,170.37440711806423,167.7371210418755,167.9822217558743,80440800,155.0641796513648,50.35327283198674,89973120.0,False,False,False,False,False,40,176.65869918823242,,
166.472412109375,169.15870642783565,166.09005558435084,168.1488926576498,90956700,155.2625836941128,45.005424903244126,84749320.0,False,False,False,False,False,20,176.65869918823242,,
162.97239685058594,167.72735768644768,162.68808654482677,166.6685205840363,94815000,155.3966674011819,40.009491145117856,84115115.0,False,False,False,False,False,20,176.65869918823242,,
161.2860870361328,166.35476859042288,160.9625522612085,163.7076835662155,91420500,155.4990920904854,37.83054490535679,84126845.0,False,False,False,False,False,20,176.65869918823242,,
159.22723388671875,163.0704113462842,159.1193889725066,161.19783827212862,122848900,155.56392933911553,35.30262573920593,85662525.0,False,False,False,False,False,20,176.65869918823242,,
158.4527130126953,159.11939476840692,151.66832669269064,156.88407733764427,162294600,155.6141690551778,34.37211939883075,90359425.0,True,False,False,False,False,40,176.65869918823242,,
156.64877319335938,159.5703696285005,153.942866591661,155.86444788627315,115798400,155.63216217062444,32.24060112457105,92403365.0,False,False,False,False,False,20,176.65869918823242,,
156.56051635742188,161.16840625563324,154.72716801590528,160.29584841312035,108275300,155.6483074608296,32.135603324809345,93859915.0,False,False,False,False,False,20,176.65869918823242,,
156.0997314453125,160.6291874906743,155.17815044081257,159.26642822820887,121954600,155.65615831273365,31.5577499180944,96840200.0,False,False,False,False,False,20,176.65869918823242,,
166.99203491210938,167.01164715968335,159.6096019553616,162.46257810702824,179935700,155.8533039927228,53.049697769870185,102848335.0,True,False,False,False,False,60,176.65869918823242,,
171.35484313964844,171.5705330064948,166.18811489980484,166.82538585540124,115541600,156.1228959778867,58.65052951276737,105422300.0,False,False,False,False,False,40,176.65869918823242,,
171.1881866455078,171.4136751707698,168.93325651359524,170.59993879900395,86213900,156.3849010329758,58.36411118070033,104508600.0,False,False,False,False,False,40,176.65869918823242,,
172.39405822753906,172.4332827246188,169.93325210735014,171.32542255843316,84914300,156.66332115809863,59.890413489442416,103788795.0,False,False,False,False,False,40,176.65869918823242,,
169.51165771484375,172.78621481447524,168.74694463929947,171.0606961129302,89418100,156.88677048952027,54.726180706130926,103532820.0,False,False,False,False,False,40,176.65869918823242,,
169.2270050048828,170.90563668740813,167.54837332235746,168.53002542285074,82465400,157.10138326370048,54.228873489625194,102810890.0,False,False,False,False,False,40,176.65869918823242,,
168.5104217529297,170.75839872033782,167.81344209401814,169.68840140769277,77251200,157.29980132438274,52.92502623346894,102337995.0,False,False,False,False,True,40,176.65869918823242,,
171.6222381591797,172.1327014444133,168.28461203735645,168.57911066263827,74829200,157.54888718237922,57.683206413331554,100741175.0,False,False,False,False,False,40,176.65869918823242,,
173.04559326171875,173.40879966630814,171.6909088658484,172.81981752201338,71285000,157.8183951141938,59.690197514526055,100498510.0,False,False,False,False,False,40,176.65869918823242,,
168.96194458007812,172.26029603848204,168.40241070544232,170.94488589786454,90865900,158.01219597447005,52.061212441953096,101301545.0,False,False,False,False,False,40,176.65869918823242,,
165.54579162597656,169.90432887481495,164.95679443820137,169.16808987950634,98670700,158.14321502927885,46.685684781495695,102009790.0,False,False,False,False,False,20,176.65869918823242,,
165.7814178466797,166.46857134746543,163.50397769684932,164.2991135319602,86185500,158.2760533391467,47.09147675837049,102297025.0,False,False,False,False,False,20,176.65869918823242,,
169.61961364746094,169.77668153567035,167.12622458211413,167.8330151002382,62527400,158.4733326488565,53.32371561523344,100875560.0,False,False,False,False,False,40,176.65869918823242,,
169.38404846191406,170.1595469185717,166.92991856527323,168.69689508661867,61177400,158.66308422821405,52.91177045323296,99193680.0,False,False,False,False,False,40,176.65869918823242,,
165.7814178466797,168.75582262629885,165.37893687521128,167.89196395169796,69589300,158.78688133462214,46.939362039176594,98102120.0,False,False,False,False,False,20,176.65869918823242,,
164.2303924560547,167.4109355405672,163.1407580714809,166.70415983864797,82772700,158.88155109325575,44.605018428494745,96098310.0,False,False,False,False,False,20,176.65869918823242,,
161.30508422851562,163.6315949695041,159.17488593776793,161.95296324654277,91162800,158.9236994956081,40.51281315548017,92541720.0,False,False,False,False,False,20,176.65869918823242,,
157.133056640625,163.10148814384206,156.8189207831809,162.50267977205857,90009200,158.89255788073882,35.509290155195,91252260.0,False,False,True,False,False,20,176.65869918823242,,
159.75405883789062,159.86204116175165,149.21111050582687,149.7804704881103,141147500,158.90754050608058,40.482460815387384,92895870.0,True,True,False,False,False,60,158.15651824951172,157.35774795532225,164.54668060302734
161.8253631591797,162.09039845532038,157.91837681162906,160.83388489976153,91974200,158.95828524787362,44.147986361443074,91396850.0,False,False,False,False,False,20,160.2071095275879,,
162.09039306640625,162.3848916978169,159.44974647016767,160.06819209824778,95056600,159.01275668819594,44.61798402745414,87152895.0,False,False,False,False,False,20,160.46948913574218,,
160.20559692382812,163.54322257611173,158.99816920673908,161.67807486426554,83474400,159.03350173577215,41.916537066575025,85549535.0,False,False,False,False,False,20,160.46948913574218,,
163.50393676757812,164.28926127709886,159.9601728375973,161.3737539589708,79724800,159.11124843197746,47.86532973407894,85225080.0,False,False,False,False,False,20,161.86889739990235,,
163.1800079345703,165.81084308627598,162.51249176371445,165.3789138092183,76678400,159.18200946680517,47.3524007704802,84813285.0,False,False,False,False,False,20,161.5482078552246,,
160.17617797851562,162.51251486628342,159.1258179770991,161.4719659938963,83737200,159.19929935396536,42.77483177168872,84529240.0,False,False,False,False,False,20,161.5482078552246,,
156.37718200683594,161.9922331985085,156.12194287523664,160.3626871229987,96418800,159.15021905227616,37.79813236076176,85226910.0,False,False,True,False,False,20,161.5482078552246,,
154.55130004882812,159.89148955943892,152.94139129743706,155.90598466141114,131148300,159.0702378522162,35.65121194467915,87921765.0,False,False,False,False,False,20,161.5482078552246,,
159.96017456054688,160.4117410265014,156.4851334154229,158.51714506516998,91454900,159.08571501236108,45.522650870444764,88753050.0,False,True,False,False,False,40,158.3605728149414,157.56077194213867,164.75897979736328
155.61148071289062,157.447165177113,153.11807622105542,157.26064889872916,105342000,159.02529354628334,40.185102940887845,90455900.0,False,False,True,False,False,20,158.3605728149414,,
151.89105224609375,156.35757309103312,151.66527641701967,156.0139888034128,96970100,158.9012197845409,36.267253682902826,90761110.0,False,False,False,False,False,20,158.3605728149414,,
147.85641479492188,151.29219668682538,147.34596655573256,148.671187726746,108732100,158.70913621950405,32.5599159430915,91264180.0,False,False,False,False,False,20,158.3605728149414,,
152.24440002441406,152.71560375350202,147.62082764624324,148.13127588452474,92964300,158.59670602480682,39.77096888174804,91603120.0,False,False,False,False,False,20,158.3605728149414,,
156.66183471679688,157.06431562049127,151.62597028281274,154.16844529700253,102300200,158.56305608901533,46.02761839489237,93591760.0,False,False,False,False,False,20,158.3605728149414,,
157.67295837402344,158.04599097202535,154.73782812813226,155.69984300954386,75615400,158.5475761287546,47.37517020572321,94313660.0,False,False,False,False,False,20,158.3605728149414,,
160.97129821777344,161.46212424049523,156.82872538769567,157.56496442177837,123511700,158.58972781725927,51.618699822837485,97009780.0,False,True,False,False,False,60,159.3615852355957,158.55672874450684,165.80043716430666
162.34559631347656,163.29779985653147,160.01907112060528,160.509897071507,95811400,158.6550472693674,53.308159210750446,97661715.0,False,False,False,False,False,40,160.7221403503418,,
165.72251892089844,166.31150120856418,161.88425551749586,162.4732378051616,81532000,158.77795981982882,57.25775288221659,97180175.0,False,False,False,False,False,40,164.06529373168945,,
167.08700561523438,169.4724129582103,164.57396373096856,164.90773681905242,98062700,158.92246496409675,58.77516392615843,97582850.0,False,False,False,False,False,40,165.41613555908202,,
170.87615966796875,170.94486751449384,167.08698259633016,167.92137775453384,90131400,159.13035530677277,62.7319304751633,95032045.0,False,False,False,False,False,40,169.16739807128906,,
171.5142059326172,172.0639285511804,169.58035066307437,170.6896220047724,80546200,159.34572662200486,63.369487559363904,94460645.0,False,False,False,False,False,40,169.799063873291,,
172.3780975341797,172.5057021088352,168.84414433562662,169.01102337849983,90371900,159.57237655091225,64.26097783338031,94226410.0,False,False,False,False,False,40,170.65431655883788,,
175.67645263671875,175.72552325481462,173.10451415071458,173.4480983503125,100589400,159.85244743936107,67.51199661533727,95082160.0,False,False,False,False,False,40,173.91968811035156,,
174.50828552246094,176.31452166228107,173.45791066079582,175.27397290735905,92633200,160.10733157993673,65.24819903827375,95727580.0,False,False,False,False,False,40,172.76320266723633,,
171.40628051757812,174.763529034082,171.20012697779308,174.5770127311391,103049300,160.3038350397218,59.53893771426936,97046125.0,False,False,False,False,False,40,172.76320266723633,,
171.11170959472656,171.67125826717606,168.78519980232758,170.83684831034256,78751300,160.49179807546102,59.010887041217586,96796830.0,False,False,False,False,False,40,172.76320266723633,,
175.16598510742188,175.21507070313862,171.2393771112145,171.3669966643139,76468400,160.74700132819078,63.77314792326448,95799310.0,False,False,False,False,False,40,173.41432525634767,,
171.84799194335938,175.0285497272662,171.21973527998745,174.2432251533462,73401800,160.94006203454154,57.849475914837946,92911985.0,False,False,False,False,False,40,173.41432525634767,,
168.67727661132812,170.44425332917226,167.00847109179495,169.19755100896808,89058800,161.07462228805088,52.80204545020805,92792180.0,False,False,False,False,False,40,173.41432525634767,,
168.9815673828125,170.1791839693951,166.73359099058004,168.01955265843017,77594700,161.21213437665543,53.22385032860786,91404815.0,False,False,False,False,False,40,173.41432525634767,,
166.9691619873047,168.62815603441808,166.0954924273171,168.62815603441808,76575500,161.31225659597106,50.03886631098761,90385085.0,False,False,False,False,False,40,173.41432525634767,,
162.70880126953125,165.92861828036033,162.46338829627405,165.61449746357707,72246700,161.33654432942427,44.03154970843121,88560815.0,False,False,False,False,False,20,173.41432525634767,,
164.5837860107422,166.75322864931675,163.58249672741925,164.93718134727843,79265200,161.39301809779502,47.04468521285155,87875860.0,False,False,False,False,False,20,173.41432525634767,,
167.27349853515625,167.90175523000033,163.71011188136575,164.31873134170252,70618900,161.49528732279262,51.11081286058881,86291795.0,False,False,False,True,False,60,173.41432525634767,,
162.25729370117188,168.12758493692257,162.01188063883922,167.4895019875629,75329400,161.508539607634,44.281897130232444,86277495.0,False,False,False,False,True,20,173.41432525634767,,
162.04129028320312,163.5432165286054,160.56881239721503,160.91238158332047,69023900,161.51780483677433,44.00921752484111,83553105.0,False,False,False,False,False,20,173.41432525634767,,
164.3285369873047,164.7408440040976,160.90258113171808,161.99221543879506,67723800,161.56668713504442,47.68294390368125,82148725.0,False,False,False,False,False,20,173.41432525634767,,
164.1616668701172,165.7814017275046,163.05241024771163,165.66359329680822,67929800,161.6118172173935,47.43839232193942,81468615.0,False,False,False,False,False,20,173.41432525634767,,
163.3665008544922,168.38274246164556,162.86586379792752,165.81081937992397,87227800,161.64233345456043,46.221873361889934,80926870.0,False,False,False,False,False,20,173.41432525634767,,
158.8214874267578,164.78993402071836,158.5368149070802,163.40581593701359,84882400,161.59327526277255,39.92035310044359,80664420.0,False,False,True,False,False,20,173.41432525634767,,
159.89146423339844,160.1761366901005,155.5525646879934,158.1637473249091,96046400,161.56367854921822,41.92755822633865,81439430.0,False,False,False,False,False,20,173.41432525634767,,
153.9230499267578,159.36139588708184,153.84451596249764,159.27305079434743,95623200,161.4307980514363,34.919446467962715,81701995.0,False,False,False,False,False,20,173.41432525634767,,
153.69725036621094,156.85815581050312,152.52908216912786,153.0493564954022,88063200,161.29630156995412,34.68325181038471,81075685.0,False,False,False,False,False,20,173.41432525634767,,
160.6374969482422,161.50135530930604,156.01391046604311,156.32804622599997,130216800,161.28484409827217,46.63194897419604,82954865.0,True,False,False,False,False,40,173.41432525634767,,
154.7574462890625,163.15057467016825,154.36479144385027,158.87057095053723,131747600,161.17132413637287,39.961847942449445,84389780.0,True,False,False,False,False,40,173.41432525634767,,
155.061767578125,155.32680285229077,150.45781697290937,153.83470249054395,123055300,161.06507097883812,40.43670566512853,86604980.0,False,False,False,False,False,20,173.41432525634767,,
156.55386352539062,157.76130632227486,153.4518544553603,155.24826451156082,88966500,160.98661519703904,42.82449124936795,87229885.0,False,False,False,False,False,20,173.41432525634767,,
162.973876953125,163.42542850637253,156.33789953237485,156.74038046635485,108256500,161.02117627105793,51.78134663911646,88972620.0,False,True,False,False,False,60,161.34413818359374,160.52926879882813,167.86309326171875
153.89358520507812,161.06945878722854,152.10697141040896,160.84368302574217,130525300,160.89721816556263,41.805912946056,91045945.0,False,False,True,False,False,20,161.34413818359374,,
154.62110900878906,156.74459682854075,151.57350991558067,153.37257473502316,116124600,160.788068441097,42.75741508941748,92972440.0,False,False,False,False,False,20,161.34413818359374,,
149.48931884765625,153.19558860822082,148.92896288962842,152.31079472594658,131577900,160.5915684481676,38.03348560987051,95722560.0,False,False,False,False,False,20,161.34413818359374,,
151.8978729248047,154.0901836973431,150.34458235534652,152.89080762473395,115366700,160.44037374341346,41.3108303304374,97878560.0,False,False,False,False,False,20,161.34413818359374,,
144.02330017089844,152.82199025284592,143.34496277337416,150.90495956472975,142689800,160.1548594204132,34.82568131837031,101049790.0,False,False,False,False,False,20,161.34413818359374,,
140.14991760253906,143.7283801675573,136.45348852465227,140.3563740008872,182602000,159.806947388798,32.151985994052914,106648945.0,True,False,False,False,False,40,161.34413818359374,,
144.6229705810547,145.59623911969186,140.69059426452904,142.14556930141248,113990900,159.5428782269242,38.065470575402884,108582020.0,False,False,False,False,False,20,161.34413818359374,,
143.0795440673828,145.02608166695018,141.7425351609862,143.08938461134267,86643800,159.25655937197564,36.87131328749564,109463015.0,False,False,False,False,False,20,161.34413818359374,,
146.7169952392578,147.23803400578663,144.20026129048028,146.3434146138869,78336300,159.03847999575447,41.5269787247101,109993640.0,False,False,False,False,False,20,161.34413818359374,,
138.4393310546875,144.86876045778243,137.53487119903903,144.3673878211131,109742900,158.68023392721418,35.170347917018,112084295.0,False,False,False,False,False,20,161.34413818359374,,
135.0279998779297,139.26513365262397,134.29067919785544,137.51522710531395,136095600,158.26889072635706,32.933023220738065,114527685.0,False,False,False,False,False,20,161.34413818359374,,
135.26394653320312,138.32137052821327,130.36814092411527,136.73858804203445,137426100,157.86880474038915,33.249311230622894,117154870.0,False,False,False,False,False,20,161.34413818359374,,
140.69064331054688,140.83810147349175,135.32294116689727,135.46057378592263,117726300,157.5700541068267,40.23094123178507,118238865.0,False,False,False,False,False,20,161.34413818359374,,
137.9871368408203,139.56991949662205,135.00836187381935,138.4295263407137,104132700,157.22948163263527,38.09334008945657,118664340.0,False,False,False,False,False,20,161.34413818359374,,
138.14442443847656,139.39294348204788,136.00127092128338,136.0897458139781,92482700,156.897567594476,38.298745662169196,118885315.0,False,False,False,False,False,20,161.34413818359374,,
141.3493194580078,141.89984995235616,134.8215728806199,135.06734649422762,90601500,156.62716327905915,42.48620754929465,116904550.0,False,False,False,False,False,20,161.34413818359374,,
147.1102294921875,147.1495466635664,142.80427168601537,142.93207874444667,90978500,156.46165138711356,49.16477875283133,114866095.0,False,False,False,False,False,20,161.34413818359374,,
146.32376098632812,148.11299992246586,144.35757226573517,146.54988348979353,103718400,156.2853402497086,48.33952247477655,113899250.0,False,False,False,False,False,20,161.34413818359374,,
146.19595336914062,149.17472776391935,145.18335248498283,147.36582293275725,74286600,156.10987265178568,48.19793551077485,113165255.0,False,False,False,False,False,20,161.34413818359374,,
148.65371704101562,148.71270030734948,144.37725022184313,145.3308530297889,72348100,155.98020038029404,51.16045096594656,111369835.0,False,False,False,True,False,60,161.34413818359374,,
142.9222412109375,145.46845161750497,142.01779633681872,144.4165336112239,88570300,155.75310543821828,44.73540863569024,109272085.0,False,False,False,False,False,20,161.34413818359374,,
143.66940307617188,146.05833007006927,142.45036072118282,144.54435641942476,71598400,155.54295409279138,45.69289196512481,107045775.0,False,False,False,False,False,20,161.34413818359374,,
146.19595336914062,146.48104410293644,141.66388825021798,141.9096618141491,67808200,155.38039755846702,48.91594572278138,103857290.0,False,False,False,True,False,40,161.34413818359374,,
145.4586181640625,147.3363166045176,144.96707108524492,146.06813174153186,53950200,155.20784487334694,48.0202570955752,100786465.0,False,False,False,False,False,20,161.34413818359374,,
140.22853088378906,145.4487577473917,140.12038994119285,144.5934707473826,69473000,154.94733506483288,42.127709466303145,97125625.0,False,False,False,False,False,20,161.34413818359374,,
134.81175231933594,138.3803751202598,134.74292850458303,137.9084939649238,91437900,154.5971510170851,37.05600389798509,92567420.0,False,False,False,False,False,20,161.34413818359374,,
129.65048217773438,132.91434748083088,129.2179182819536,130.6237359424125,122207100,154.16329590683554,32.98164993340358,92978230.0,False,False,False,False,False,20,161.34413818359374,,
130.51559448242188,131.62649584691928,129.25723497256138,130.87934957569854,84784300,153.75203153423703,34.285895439625,92885255.0,False,False,False,False,False,20,161.34413818359374,,
133.14044189453125,135.0181554391388,129.92573462276167,132.01971509318932,91533000,153.39356910572042,38.214756206236366,93545090.0,False,False,False,False,False,20,161.34413818359374,,
127.86125183105469,130.15186352165608,126.85849136974434,129.84710666597098,108123900,152.94952880529144,33.83346213421069,93464140.0,False,False,False,False,False,20,161.34413818359374,,
129.33587646484375,130.83018391739205,127.61546153618984,127.87107564040531,134520300,152.53885659067495,36.039348122238394,93385375.0,False,False,False,False,False,20,161.34413818359374,,
133.57302856445312,134.74291327638406,131.06614989697803,131.1644503344464,81000500,152.2090161032624,42.02064405934527,90564095.0,False,False,False,False,False,20,161.34413818359374,,
133.06185913085938,135.43110569878607,131.6462005171468,132.51131355821212,73409200,151.87602206895974,41.51624303413898,88348240.0,False,False,False,False,False,20,161.34413818359374,,
135.9324493408203,136.24703170777948,133.33708105988757,134.5069656450009,72433800,151.59874254325297,45.47449944203388,86763295.0,False,False,False,False,False,20,161.34413818359374,,
139.26513671875,139.51091028418583,137.40708916408835,137.53488121755194,89116800,151.3842450506529,49.728509228175454,86595000.0,False,False,False,False,False,20,161.34413818359374,,
139.26513671875,141.06420101783954,138.58679927801467,140.2875481505987,70207900,151.1734779492285,49.72850922817547,85575320.0,False,False,False,False,False,20,161.34413818359374,,
135.11648559570312,140.99538542275212,134.99851907769516,139.72720035167993,67083400,150.8942259082976,44.694285345325625,84380565.0,False,False,False,False,False,20,161.34413818359374,,
136.876220703125,138.29187895229046,134.35950159386607,135.1361545226192,66242400,150.65043451342504,47.13878130654806,82506765.0,False,False,False,False,False,20,161.34413818359374,,
134.4086456298828,136.03074512479165,131.50852062340732,134.92968437677243,98964500,150.3679686197982,44.18930923901163,83740660.0,False,False,False,False,False,20,161.34413818359374,,
136.581298828125,136.6894398129789,133.36659091632603,133.7401565905966,71051600,150.12820044950823,47.31507902070245,83675835.0,False,False,False,True,False,40,161.34413818359374,,
139.1668243408203,139.2159820551499,134.6150930089742,135.44090360755794,73353800,149.93756782153105,50.84337302844011,82915010.0,False,False,False,False,False,40,161.34413818359374,,
140.5038299560547,141.68354006887108,138.69494011634768,138.96037976700046,74064300,149.77350281517494,52.61074279965149,83038305.0,False,False,False,False,False,40,161.34413818359374,,
143.8758544921875,144.07247034886072,140.857747839313,140.86757338185674,66253700,149.6709350182534,56.82675817909598,82960580.0,False,False,False,False,False,40,161.34413818359374,,
144.55416870117188,145.0555563580384,142.5486630761882,142.80426217519934,64547800,149.58194777795634,57.64309866977834,83490460.0,False,False,False,False,False,40,161.34413818359374,,
142.4208526611328,144.16093360400728,141.34928357800885,143.2073310252046,63141600,149.45740699331594,54.17370048030556,83173890.0,False,False,False,False,False,40,161.34413818359374,,
143.39413452148438,145.94034514627222,142.597830542374,143.2958190916168,77588800,149.35195877641453,55.48993468986679,82481435.0,False,False,False,False,False,40,161.34413818359374,,
143.0303955078125,143.97415763799123,139.7173575069719,140.57265975093034,71185600,149.24201854565624,54.855806690089636,79930360.0,False,False,False,False,False,40,161.34413818359374,,
145.96002197265625,146.43190306892052,140.82826817318988,141.64423829848138,78140700,149.18494034438666,58.92703808876642,79598180.0,False,False,False,False,False,40,161.34413818359374,,
147.6312713623047,148.30960883923063,145.69457436327764,147.24786517980246,76259900,149.15792001426348,61.083168660200684,78834525.0,False,False,False,False,False,40,161.34413818359374,,
144.5836944580078,149.00761906982018,144.219939344917,148.1916489524308,81420900,149.07836826545903,55.374594000000585,77499375.0,False,False,False,False,True,40,161.34413818359374,,
148.44725036621094,148.67335787183444,144.42639797966964,145.41931789638997,82982400,149.06739230199386,60.42415409201123,74922480.0,False,False,False,False,False,40,161.34413818359374,,
150.45274353027344,151.1212554478555,147.8278835762641,148.56520429371037,64823400,149.0914853668335,62.77856950750017,74113625.0,False,True,False,False,False,60,148.9482160949707,148.19595237731934,154.96632583618165
152.72369384765625,152.93997577721333,149.3713389403487,151.88805775611044,65086600,149.15465420997825,65.29624896158718,73697495.0,False,False,False,False,False,40,151.1964569091797,,
151.48500061035156,153.63797957756256,150.8165036712,152.76302623024424,66675400,149.195181973463,62.80099520116445,73409575.0,False,False,False,False,True,40,149.97015060424803,,
150.3642578125,152.4189211302385,149.7055864857965,151.40633528462277,53623900,149.2155137271854,60.54653459928444,71634930.0,False,False,False,False,False,40,148.860615234375,,
149.037109375,150.50191035513055,148.25063089528444,149.68594024499822,55138700,149.21241104279957,57.8960616685999,70881470.0,False,False,True,False,False,40,147.54673828125,,
154.13937377929688,154.67025318814936,149.58765663017232,150.00055450326258,78620700,149.2980973512604,64.35625548481369,71458335.0,False,True,False,False,False,60,152.59798004150392,151.82728317260742,158.76355499267578
154.68991088867188,154.9750016662387,151.7996109329514,154.32615575764223,81378700,149.39186802147626,64.9806219608621,72215150.0,False,False,False,False,False,40,153.14301177978516,,
159.76263427734375,160.8637099904221,156.80352611275504,158.51411543428287,101786900,149.57222917375222,70.16627039521967,72356270.0,False,False,False,False,False,40,158.1650079345703,,
158.77957153320312,160.82440969031893,158.17005780397355,158.28802433199732,67829400,149.73235686696006,68.06283388057349,72195160.0,False,False,False,False,False,40,157.1917758178711,,
157.30490112304688,159.66433625726012,156.93133551910432,157.39339100369006,59907000,149.86405328880505,64.91891949648829,71522820.0,False,False,False,False,False,40,155.7318521118164,,
163.32147216796875,163.77368717681702,158.0324196674791,158.1208945604064,82507500,150.09809535626877,70.83757525129654,71944980.0,False,False,False,False,False,40,161.68825744628907,,
163.0068359375,164.3635106425103,161.6501612324897,163.2034517641096,55474100,150.3225951924641,70.17084343393428,71406000.0,False,False,False,False,False,40,161.376767578125,,
162.7804718017578,163.27270181625158,160.4669847249699,160.6737279405912,56697000,150.53925391610397,69.66283350326702,71013460.0,False,False,False,False,False,40,161.15266708374023,,
162.30787658691406,165.20219069837998,161.64829034721447,163.78456623385267,60276900,150.74392561472675,68.54707345556209,70870225.0,False,False,False,False,False,40,160.68479782104492,,
162.3571319580078,163.2431549194952,160.71308565619225,161.47112401818703,63135500,150.94589442069685,68.60351509992874,70147560.0,False,False,False,False,False,40,160.73356063842775,,
166.61000061035156,166.70843758837208,164.30635300401312,165.07423053223724,70170500,151.2183136587778,73.09318089746044,70096805.0,False,False,False,False,False,40,164.94390060424806,,
165.8716583251953,168.3328081399825,165.5763173430876,167.41725259761515,57149200,151.47315443558506,71.18986186138861,69047230.0,False,False,False,False,False,40,164.21294174194335,,
169.42555236816406,169.4944567489093,166.76749865896252,167.18098503009688,68039400,151.78537005180382,74.61614830786021,68636205.0,False,False,False,False,False,40,167.73129684448242,,
170.4986114501953,170.69550042466776,168.6872088503834,168.85456522976827,54091700,152.11081772829758,75.56121358313328,67269745.0,False,False,False,False,False,40,168.79362533569335,,
170.341064453125,171.01050487518168,168.99235944125613,170.09494952268685,56377100,152.42786549742502,75.11900690125282,65939480.0,False,False,False,False,False,40,168.63765380859374,,
171.83746337890625,173.41259006684885,169.8882371550574,170.08512611334214,79542000,152.7654237214508,76.52429986270384,66675410.0,False,False,False,False,False,40,170.11908874511718,,
171.44366455078125,172.1820093852319,170.4296721798688,171.04988664773987,62290100,153.09026269239567,75.31867130828876,66535585.0,False,False,False,False,False,40,169.72922790527343,,
168.8545684814453,171.04007069000778,168.64782529018512,170.34109754225454,70346300,153.36442453220522,67.75999174980895,66719130.0,False,False,False,False,False,40,169.72922790527343,,
164.96597290039062,167.22037973855075,164.54264728016773,167.05302333761028,69026800,153.56619059078236,58.297181362602245,67489275.0,False,False,False,False,False,40,169.72922790527343,,
164.6312255859375,166.0882370598649,164.06023703885776,164.4835626089626,54147100,153.75862598200246,57.55207751594795,67439695.0,False,False,False,False,False,40,169.72922790527343,,
164.9265594482422,165.4975479706951,163.6664520268514,164.7198312893935,53841500,153.9528509118501,58.061366578944195,66200735.0,False,False,False,False,False,40,169.72922790527343,,
167.38771057128906,167.49600175790545,165.73382519932846,166.15713573322356,51218200,154.18650064505775,62.13816542925347,64692710.0,False,False,False,False,False,40,169.72922790527343,,
161.0773162841797,168.3918608006587,161.01825109648692,167.91932427745144,78961000,154.3063409170425,48.988802076403076,63551415.0,False,False,False,False,True,20,169.72922790527343,,
158.87216186523438,160.36853027090402,157.33640664687104,158.64572524641508,73314000,154.38574649875017,45.37526381968769,63825645.0,False,False,False,False,False,20,169.72922790527343,,
156.4405059814453,160.03377814075716,155.26899644924123,159.61046764917498,77906200,154.4214814462753,41.72070258837675,64725605.0,False,False,False,False,True,20,169.72922790527343,,
154.77676391601562,158.08454929439134,154.6980053329991,157.8187409544185,87991100,154.427660271836,39.383486816153194,64999785.0,False,False,False,False,False,20,169.72922790527343,,
155.5052947998047,155.95813794862076,152.2664132669702,154.20580050146393,74229900,154.44640174188763,40.9436164863775,65937575.0,False,False,False,False,False,20,169.72922790527343,,
153.38868713378906,157.86798246463846,152.56174446332417,157.26746135406307,76957800,154.42800670522504,37.89223147944115,66950615.0,False,False,True,False,True,20,169.72922790527343,,
152.12860107421875,154.64881624550407,151.3016582877034,154.03845585855234,73714800,154.3880170420771,36.16426628147819,67622510.0,False,False,False,False,False,20,169.72922790527343,,
153.536376953125,154.2353350897476,151.22289011406963,152.41409323627113,87449600,154.37320591009532,39.48450562338388,68838215.0,False,False,False,False,False,20,169.72922790527343,,
152.0596923828125,153.9301603024717,150.3073398300262,152.2368879656222,84923800,154.33297089222953,37.29333755826108,69575880.0,False,False,False,False,False,20,169.72922790527343,,
154.92445373535156,155.36747271934937,152.34517353637017,153.05398588476703,68028800,154.34325755037077,43.808227885851075,70119860.0,False,True,False,False,False,40,153.37520919799803,152.60058692932128,159.57218734741213
160.89024353027344,161.70734689387623,156.82443513422925,157.10992184119257,104956000,154.4571181761082,54.426819983300575,71965690.0,False,False,False,False,False,40,159.2813410949707,,
151.44931030273438,158.0451887543499,150.98661293916587,157.41513500718563,122656600,154.40480847396256,41.168444135888464,75393935.0,True,False,True,False,False,40,159.2813410949707,,
152.8964385986328,154.65862993133453,151.22286005828988,152.38451533184278,87965400,154.3785759543916,43.44271763908779,76973350.0,False,False,False,False,False,20,159.2813410949707,,
150.00213623046875,152.82754609590185,149.02753063381346,152.24670339235885,90481100,154.30246395919295,40.10356063862442,77520305.0,False,False,False,False,False,20,159.2813410949707,,
148.3581085205078,148.99801648832616,146.06431507986616,148.8601926989242,162278800,154.19908386460713,38.30262453851275,82519740.0,True,False,False,False,False,40,159.2813410949707,,
152.079345703125,152.15810428972742,146.78296219367604,146.989690339551,81474200,154.1622188531031,44.39001361530395,83076135.0,False,False,False,True,False,40,159.2813410949707,,
154.4617462158203,155.6234166633189,150.7011173572486,151.0161367015711,107689800,154.1674280246286,47.93200370242069,85009285.0,False,True,False,False,False,40,152.9171287536621,152.14482002258302,159.09559860229493
151.3311767578125,156.2731696529989,151.21304637695786,154.89491678247586,101696800,154.1181019156405,43.96891699159091,87386770.0,False,False,True,False,False,20,152.9171287536621,,
150.36639404296875,152.06950527712038,148.56483082094806,150.01198791697018,86652500,154.05285482220273,42.794593498523845,89027320.0,False,False,False,False,False,20,152.9171287536621,,
148.09228515625,149.11613179254852,146.25135007934554,148.84048424162157,96029900,153.94919274105573,40.077473956362766,91267905.0,False,False,False,False,False,20,152.9171287536621,,
148.42701721191406,151.38039679019585,147.31457276382835,147.3342661670832,93339400,153.8531549057663,40.6745526786941,91986825.0,False,False,False,False,False,20,152.9171287536621,,
149.40162658691406,152.315634453065,147.619756600354,150.3664080888261,84442700,153.77573702196017,42.47192996774993,92543260.0,False,False,False,False,False,20,152.9171287536621,,
147.51144409179688,148.29901488949315,142.58914538327457,145.34563566437978,146691400,153.66679279708777,39.94431432501312,95982520.0,True,False,False,False,False,40,152.9171287536621,,
140.26583862304688,144.4399538960587,138.49380784574632,143.8295935811918,128138200,153.43373272449574,32.06634729190571,97989875.0,False,False,False,False,False,20,152.9171287536621,,
136.05233764648438,140.87619954797051,135.85544869618502,139.0844755504192,124925300,153.13144759270423,28.54114762671539,100524645.0,False,False,False,False,False,20,152.9171287536621,,
140.23631286621094,140.84668823250414,135.55028904590418,136.06221241134372,114311700,152.90718438006957,36.05823404484908,102392340.0,False,False,False,False,False,20,152.9171287536621,,
143.82958984375,143.9477202186119,142.01817230643195,142.77621059568105,87830100,152.74931317074228,41.72769748547389,103098105.0,False,False,False,False,False,20,152.9171287536621,,
144.1249237060547,145.0897052260287,140.7876052377075,141.83114535247526,79471000,152.5993237887477,42.18146318393464,102699175.0,False,False,False,False,False,20,152.9171287536621,,
143.1699981689453,145.24720918960443,142.9632699990137,143.54409774342406,68402200,152.43533551709896,41.067904837591854,101873095.0,False,False,False,False,False,20,152.9171287536621,,
137.91297912597656,140.8762129387206,137.28292541213156,140.32490279514894,85925600,152.18277279725336,35.51015902482163,102767935.0,False,False,False,False,False,20,152.9171287536621,,
138.23785400390625,139.68501122355408,136.41661224606074,138.23785400390625,74899000,151.94025247041253,36.085804010152245,101265085.0,False,False,False,False,False,20,152.9171287536621,,
136.82025146484375,139.15343196264072,136.0720672460081,137.72595289448736,77033700,151.67729593118526,34.6330977924902,98983940.0,False,False,False,False,False,20,152.9171287536621,,
136.19017028808594,138.17878336551573,136.01297472776957,136.9679019716922,70433700,151.4079546156531,33.978355386129294,98107355.0,False,False,False,False,False,20,152.9171287536621,,
140.7679443359375,141.3586113377412,132.28188870851338,132.8922641385454,113224000,151.22291095861456,42.48575929162093,99244500.0,False,False,False,True,False,40,152.9171287536621,,
136.22955322265625,142.27413585110418,136.04250345541635,142.0673926816115,88598000,150.96215691103268,37.34761976726785,95560460.0,False,False,False,False,False,20,152.9171287536621,,
140.19696044921875,140.67933626371678,138.09021652620234,138.87778757684748,85250900,150.77493610300112,43.75176207893679,95749295.0,False,False,False,False,False,20,152.9171287536621,,
141.51608276367188,144.42023589257636,138.4248798871267,143.22904806022734,99136600,150.61391256666496,45.73778337155004,95321635.0,False,False,False,False,False,20,152.9171287536621,,
141.62440490722656,142.69746261645687,139.30107889163025,139.488128680181,61758300,150.45757330302257,45.90668562058721,93324710.0,False,False,False,False,False,20,152.9171287536621,,
141.1616973876953,143.6228470143876,140.43319169039492,140.7974520498777,64522000,150.29590589579948,45.25862850130376,92218185.0,False,False,False,False,False,20,152.9171287536621,,
144.98143005371094,145.55241866280005,140.43321458728877,140.64979699148353,86548600,150.20348022898054,51.362678621729685,91744120.0,False,False,False,False,False,40,152.9171287536621,,
147.12750244140625,147.89537982279583,143.73111940500422,144.90262887759332,75981900,150.1499849631097,54.43674499620816,90876245.0,False,False,False,False,False,40,152.9171287536621,,
149.97262573242188,150.12030373846804,147.03893927663933,147.75759083673032,74732300,150.1469004547499,58.20793831201857,90390725.0,False,False,False,False,False,40,152.9171287536621,,
147.02908325195312,149.62805663114864,145.73942824213276,148.61406419672124,88194300,150.09267754687517,53.29331031035744,87465870.0,False,False,False,False,False,40,152.9171287536621,,
142.5498046875,146.73375950209572,141.89021831932845,145.76899295091448,109180200,149.96149714932082,46.815600618197244,86517970.0,False,False,False,False,False,20,152.9171287536621,,
153.3197784423828,155.05242232533004,145.52285843662315,145.89694295512044,164762400,150.01990204137408,59.547326265601654,88509825.0,True,True,False,False,False,80,151.78658065795898,151.01998176574708,157.9193717956543
150.9570770263672,151.84309994681692,149.55914577499016,150.77988145527678,97943200,150.03620073676527,56.35981692442481,87691400.0,False,False,False,False,False,40,151.78658065795898,,
148.30886840820312,153.0342786292701,146.81250027183614,152.67003329657965,80379300,150.0061601745294,52.93927272058452,87318860.0,False,False,True,False,True,40,151.78658065795898,,
142.77618408203125,149.80522549265257,142.74665149380002,146.63526416809174,93604600,149.88042145987728,46.57889129068134,88025540.0,False,False,False,False,False,20,151.78658065795898,,
136.7218017578125,140.58088293366475,136.59381715822644,139.85237716768756,97918500,149.65157589984136,40.80187088500515,89501355.0,False,False,False,False,False,20,151.78658065795898,,
136.45553588867188,140.68586767189302,132.51116441667403,140.11393200286335,140814800,149.422079551821,40.56359421296901,92245815.0,True,False,False,False,False,40,151.78658065795898,,
136.98802185058594,137.21481900121177,133.7832199726521,135.2031961352515,83374600,149.2058350700604,41.30184386878629,92669595.0,False,False,False,False,False,20,151.78658065795898,,
137.5599822998047,139.4631346891898,135.57794065978277,138.4573305983891,89908500,149.0032985001429,42.13326717783706,93313335.0,False,False,False,False,False,20,151.78658065795898,,
132.99435424804688,136.6231842073022,132.71824941976038,136.57387654941147,74917800,148.72488207836733,37.55985018794355,93537540.0,False,False,False,False,False,20,151.78658065795898,,
144.82748413085938,144.82748413085938,137.55998303216782,139.2757903878347,118854000,148.65710124449762,52.078592973385916,93819040.0,False,False,False,False,False,40,151.78658065795898,,
147.61813354492188,147.9238199974,142.36225553469492,143.79210256196848,93979700,148.63903224102674,54.750777984056356,94088125.0,False,False,False,False,False,40,151.78658065795898,,
146.21788024902344,148.19006640295856,145.3796951149665,146.89828687958484,73374100,148.59692524986147,53.149301625571155,93494285.0,False,False,False,False,False,40,151.78658065795898,,
147.95339965820312,151.45403311466376,146.49398610736782,150.10309040489915,89868300,148.58573350044134,54.90973884768698,93030870.0,False,False,False,False,False,40,151.78658065795898,,
146.7207489013672,147.78573098764542,145.24160962263343,147.05603190661645,64218300,148.55329898567484,53.37567612081302,93153870.0,False,False,False,False,False,40,151.78658065795898,,
148.6239471435547,149.3733724520642,144.11749463891493,144.39359949187033,80389400,148.55452764929015,55.44541158177852,93947240.0,False,True,False,True,False,80,147.13770767211915,146.39458793640136,153.08266555786133
149.18601989746094,150.57641479286625,147.88438481730566,150.19183908207188,74829600,148.56551012317138,56.06570777668088,93361290.0,False,False,False,False,False,40,147.69415969848632,,
145.9516143798828,148.27879437989566,145.66565404043791,148.07172328326632,58724100,148.52005106676637,51.61273374429985,92498400.0,False,False,True,False,False,40,147.69415969848632,,
148.09141540527344,148.32808310350964,144.8866136770819,146.06993712168025,51804100,148.512596533523,54.204180521050645,91351990.0,False,False,False,False,False,40,146.6105012512207,,
148.9690704345703,149.71849566611712,147.26311878314957,147.3715896104273,58301400,148.52053521006297,55.26250301619786,89857345.0,False,True,False,False,False,60,147.47937973022462,146.73453437805176,153.4381425476074
146.05023193359375,146.80952774156987,145.0739944661959,146.24744752036312,35195900,148.47757341395047,51.03816961467215,86158130.0,False,False,True,False,False,40,147.47937973022462,,
142.21432495117188,144.6006680593858,141.38601049309779,143.12152865000314,69246000,148.36864735372822,46.05560632139509,81382310.0,False,False,False,False,False,20,147.47937973022462,,
139.20675659179688,142.79613475713955,138.39816810033238,142.2833621487803,83763800,148.20931012308594,42.548312150910704,80673340.0,False,False,False,False,False,20,147.47937973022462,,
145.97132873535156,146.6517352342591,138.595358159877,139.43352808516767,111380900,148.17038870764708,51.49540737602,82223420.0,False,False,False,False,False,40,147.47937973022462,,
146.24745178222656,147.05605527210508,144.5710966759583,146.1488515092609,71250400,148.13694632633542,51.825203965008825,81105710.0,False,False,False,False,False,40,147.47937973022462,,
145.75442504882812,145.94178515343853,143.6244602489213,143.9301617623625,65447400,148.09551117368312,51.15637426633485,79482155.0,False,False,False,False,False,40,147.47937973022462,,
144.5908203125,148.82115263004172,143.7427797370437,145.7149657221435,68826400,148.03456002827124,49.531659589016044,75882735.0,False,False,False,False,False,20,147.47937973022462,,
140.92254638671875,145.25149381357704,139.94630895435972,145.02469664926164,64727200,147.9108728345051,44.710737196206516,74950365.0,False,False,False,False,False,20,147.47937973022462,,
138.9799346923828,141.37613319907325,138.05300496587287,140.21255080814953,69721100,147.75555217116386,42.35944580582383,73940995.0,False,False,False,False,False,20,147.47937973022462,,
140.66615295410156,141.5240640501762,139.13772092261513,140.38019261979954,62128300,147.63225827173667,45.060254003520974,73301520.0,False,False,False,False,False,20,147.47937973022462,,
140.18299865722656,143.54557973820909,138.94051172185388,140.36048819280174,76097000,147.50270593061475,44.41803714831028,71163670.0,False,False,False,False,False,20,147.47937973022462,,
142.4805908203125,142.4904463340837,139.09828382013,140.71547582717935,70462700,147.41536479826166,48.1989641030119,69987820.0,False,False,False,False,False,20,147.47937973022462,,
143.4469451904297,147.8843635443182,142.23405505341051,147.420898645852,93886200,147.346348805082,49.74732345871529,71013425.0,False,False,False,False,False,20,147.47937973022462,,
141.21839904785156,144.6204172233284,139.1969051895986,143.3286376736575,82291200,147.2397757658258,46.30957561685632,70634570.0,False,False,False,False,False,20,147.47937973022462,,
134.60166931152344,139.82796424282577,134.1382044845264,139.147557792699,98931900,147.01998261009882,37.92886896171918,72370250.0,False,False,False,False,False,20,147.47937973022462,,
132.6393585205078,135.7356898104224,131.8702072160859,134.78904899571134,160156900,146.76988479984507,35.85641097652981,76358625.0,True,False,False,False,False,40,147.47937973022462,,
130.52911376953125,133.31975851229708,129.49372825060226,133.23101376151752,79592600,146.48743660801352,33.72245827776608,76596775.0,False,False,False,False,False,20,147.47937973022462,,
130.46009826660156,131.39688354522443,128.0836106828586,129.56275008486864,77432800,146.20870028903244,33.65191976022615,77532210.0,False,False,False,False,False,20,147.47937973022462,,
133.5662841796875,134.9073711645486,130.90383628158227,131.13063344213398,85928000,145.98883218278297,39.759397350086175,79238405.0,False,False,False,False,False,20,147.47937973022462,,
130.3910675048828,132.68866590052642,128.48791532003168,132.48159480562174,77852100,145.71756671012383,36.101057492035174,80215940.0,False,False,False,False,False,20,147.47937973022462,,
130.02621459960938,130.57842423400893,127.83708708710822,129.09928483618836,63814900,145.44467362994098,35.694636302539266,81646890.0,False,False,False,False,False,20,147.47937973022462,,
128.22164916992188,129.58246208692498,126.9298699732108,129.55288050582337,69007800,145.14514276976672,33.67530549547041,81634980.0,False,False,False,False,False,20,147.47937973022462,,
124.28716278076172,129.2077647504938,124.11952877613886,127.8666776669259,85438400,144.78239529169707,29.726639309577642,81718710.0,False,False,False,False,False,20,147.47937973022462,,
127.80750274658203,128.66539876390968,125.95365078301222,126.21002952300181,75703700,144.48717976917334,36.86045030582456,79934850.0,False,False,False,False,False,20,147.47937973022462,,
128.123046875,128.14277294659772,125.657822079017,126.62419645842127,77034200,144.2025861536225,37.47316389122579,80224040.0,False,False,False,False,False,20,147.47937973022462,,
